ID,sample_index,frame_index,time_seconds,accel_label,steer_label
C2K19_b0c9d2329ad1606b_2018-08-02-08-34-47_40,0,0,0.0,CONSTANT,STRAIGHT
C2K19_b0c9d2329ad1606b_2018-08-02-08-34-47_40,1,2,0.1,ACCELERATING,STRAIGHT
C2K19_b0c9d2329ad1606b_2018-08-02-08-34-47_40,2,4,0.2,ACCELERATING,STRAIGHT
C2K19_b0c9d2329ad1606b_2018-08-02-08-34-47_40,3,6,0.3,ACCELERATING,STRAIGHT
C2K19_b0c9d2329ad1606b_2018-08-02-08-34-47_40,4,8,0.4,ACCELERATING,STRAIGHT
C2K19_b0c9d2329ad1606b_2018-08-02-08-34-47_40,5,10,0.5,ACCELERATING,STRAIGHT
C2K19_b0c9d2329ad1606b_2018-08-02-08-34-47_40,6,12,0.6,ACCELERATING,STRAIGHT
C2K19_b0c9d2329ad1606b_2018-08-02-08-34-47_40,7,14,0.7,ACCELERATING,STRAIGHT
C2K19_b0c9d2329ad1606b_2018-08-02-08-34-47_40,8,16,0.8,ACCELERATING,STRAIGHT
C2K19_b0c9d2329ad1606b_2018-08-02-08-34-47_40,9,18,0.9,ACCELERATING,STRAIGHT
C2K19_b0c9d2329ad1606b_2018-08-02-08-34-47_40,10,20,1.0,ACCELERATING,STRAIGHT
C2K19_b0c9d2329ad1606b_2018-08-02-08-34-47_40,11,22,1.1,ACCELERATING,STRAIGHT
C2K19_b0c9d2329ad1606b_2018-08-02-08-34-47_40,12,24,1.2,ACCELERATING,STRAIGHT
C2K19_b0c9d2329ad1606b_2018-08-02-08-34-47_40,13,26,1.3,ACCELERATING,STRAIGHT
C2K19_b0c9d2329ad1606b_2018-08-02-08-34-47_40,14,28,1.4,CONSTANT,STRAIGHT
C2K19_b0c9d2329ad1606b_2018-08-02-08-34-47_40,15,30,1.5,ACCELERATING,STRAIGHT
C2K19_b0c9d2329ad1606b_2018-08-02-08-34-47_40,16,32,1.6,ACCELERATING,STRAIGHT
C2K19_b0c9d2329ad1606b_2018-08-02-08-34-47_40,17,34,1.7,ACCELERATING,STRAIGHT
C2K19_b0c9d2329ad1606b_2018-08-02-08-34-47_40,18,36,1.8,ACCELERATING,STRAIGHT
C2K19_b0c9d2329ad1606b_2018-08-02-08-34-47_40,19,38,1.9,ACCELERATING,STRAIGHT
C2K19_b0c9d2329ad1606b_2018-08-02-08-34-47_40,20,40,2.0,ACCELERATING,STRAIGHT
C2K19_b0c9d2329ad1606b_2018-08-02-08-34-47_40,21,42,2.1,ACCELERATING,STRAIGHT
C2K19_b0c9d2329ad1606b_2018-08-02-08-34-47_40,22,44,2.2,ACCELERATING,STRAIGHT
C2K19_b0c9d2329ad1606b_2018-08-02-08-34-47_40,23,46,2.3,ACCELERATING,STRAIGHT
C2K19_b0c9d2329ad1606b_2018-08-02-08-34-47_40,24,48,2.4,ACCELERATING,STRAIGHT
C2K19_b0c9d2329ad1606b_2018-08-02-08-34-47_40,25,50,2.5,ACCELERATING,STRAIGHT
C2K19_b0c9d2329ad1606b_2018-08-02-08-34-47_40,26,52,2.6,ACCELERATING,STRAIGHT
C2K19_b0c9d2329ad1606b_2018-08-02-08-34-47_40,27,54,2.7,ACCELERATING,STRAIGHT
C2K19_b0c9d2329ad1606b_2018-08-02-08-34-47_40,28,56,2.8,ACCELERATING,STRAIGHT
C2K19_b0c9d2329ad1606b_2018-08-02-08-34-47_40,29,58,2.9,ACCELERATING,STRAIGHT
C2K19_b0c9d2329ad1606b_2018-08-02-08-34-47_40,30,60,3.0,ACCELERATING,STRAIGHT
C2K19_b0c9d2329ad1606b_2018-08-02-08-34-47_40,31,62,3.1,ACCELERATING,STRAIGHT
C2K19_b0c9d2329ad1606b_2018-08-02-08-34-47_40,32,64,3.2,ACCELERATING,STRAIGHT
C2K19_b0c9d2329ad1606b_2018-08-02-08-34-47_40,33,66,3.3,ACCELERATING,STRAIGHT
C2K19_b0c9d2329ad1606b_2018-08-02-08-34-47_40,34,68,3.4,ACCELERATING,STRAIGHT
C2K19_b0c9d2329ad1606b_2018-08-02-08-34-47_40,35,70,3.5,ACCELERATING,STRAIGHT
C2K19_b0c9d2329ad1606b_2018-08-02-08-34-47_40,36,72,3.6,ACCELERATING,LEFT
C2K19_b0c9d2329ad1606b_2018-08-02-08-34-47_40,37,74,3.7,ACCELERATING,LEFT
C2K19_b0c9d2329ad1606b_2018-08-02-08-34-47_40,38,76,3.8,ACCELERATING,LEFT
C2K19_b0c9d2329ad1606b_2018-08-02-08-34-47_40,39,78,3.9,ACCELERATING,LEFT
C2K19_b0c9d2329ad1606b_2018-08-02-08-34-47_40,40,80,4.0,ACCELERATING,LEFT
C2K19_b0c9d2329ad1606b_2018-08-02-08-34-47_40,41,82,4.1,ACCELERATING,LEFT
C2K19_b0c9d2329ad1606b_2018-08-02-08-34-47_40,42,84,4.2,ACCELERATING,LEFT
C2K19_b0c9d2329ad1606b_2018-08-02-08-34-47_40,43,86,4.3,ACCELERATING,LEFT
C2K19_b0c9d2329ad1606b_2018-08-02-08-34-47_40,44,88,4.4,ACCELERATING,LEFT
C2K19_b0c9d2329ad1606b_2018-08-02-08-34-47_40,45,90,4.5,ACCELERATING,LEFT
C2K19_b0c9d2329ad1606b_2018-08-02-08-34-47_40,46,92,4.6,ACCELERATING,LEFT
C2K19_b0c9d2329ad1606b_2018-08-02-08-34-47_40,47,94,4.7,ACCELERATING,LEFT
C2K19_b0c9d2329ad1606b_2018-08-02-08-34-47_40,48,96,4.8,ACCELERATING,LEFT
C2K19_b0c9d2329ad1606b_2018-08-02-08-34-47_40,49,98,4.9,ACCELERATING,STRAIGHT
C2K19_b0c9d2329ad1606b_2018-08-02-08-34-47_40,50,100,5.0,ACCELERATING,STRAIGHT
C2K19_b0c9d2329ad1606b_2018-08-02-08-34-47_40,51,102,5.1,ACCELERATING,STRAIGHT
C2K19_b0c9d2329ad1606b_2018-08-02-08-34-47_40,52,104,5.2,ACCELERATING,STRAIGHT
C2K19_b0c9d2329ad1606b_2018-08-02-08-34-47_40,53,106,5.3,ACCELERATING,STRAIGHT
C2K19_b0c9d2329ad1606b_2018-08-02-08-34-47_40,54,108,5.4,ACCELERATING,STRAIGHT
C2K19_b0c9d2329ad1606b_2018-08-02-08-34-47_40,55,110,5.5,ACCELERATING,STRAIGHT
C2K19_b0c9d2329ad1606b_2018-08-02-08-34-47_40,56,112,5.6,ACCELERATING,STRAIGHT
C2K19_b0c9d2329ad1606b_2018-08-02-08-34-47_40,57,114,5.7,ACCELERATING,STRAIGHT
C2K19_b0c9d2329ad1606b_2018-08-02-08-34-47_40,58,116,5.8,ACCELERATING,STRAIGHT
C2K19_b0c9d2329ad1606b_2018-08-02-08-34-47_40,59,118,5.9,ACCELERATING,STRAIGHT
C2K19_b0c9d2329ad1606b_2018-08-02-08-34-47_40,60,120,6.0,ACCELERATING,STRAIGHT
C2K19_b0c9d2329ad1606b_2018-08-02-08-34-47_40,61,122,6.1,ACCELERATING,STRAIGHT
C2K19_b0c9d2329ad1606b_2018-08-02-08-34-47_40,62,124,6.2,ACCELERATING,STRAIGHT
C2K19_b0c9d2329ad1606b_2018-08-02-08-34-47_40,63,126,6.3,ACCELERATING,STRAIGHT
C2K19_b0c9d2329ad1606b_2018-08-02-08-34-47_40,64,128,6.4,ACCELERATING,STRAIGHT
C2K19_b0c9d2329ad1606b_2018-08-02-08-34-47_40,65,130,6.5,ACCELERATING,LEFT
C2K19_b0c9d2329ad1606b_2018-08-02-08-34-47_40,66,132,6.6,ACCELERATING,LEFT
C2K19_b0c9d2329ad1606b_2018-08-02-08-34-47_40,67,134,6.7,CONSTANT,LEFT
C2K19_b0c9d2329ad1606b_2018-08-02-08-34-47_40,68,136,6.8,ACCELERATING,LEFT
C2K19_b0c9d2329ad1606b_2018-08-02-08-34-47_40,69,138,6.9,ACCELERATING,LEFT
C2K19_b0c9d2329ad1606b_2018-08-02-08-34-47_40,70,140,7.0,ACCELERATING,LEFT
C2K19_b0c9d2329ad1606b_2018-08-02-08-34-47_40,71,142,7.1,ACCELERATING,LEFT
C2K19_b0c9d2329ad1606b_2018-08-02-08-34-47_40,72,144,7.2,ACCELERATING,LEFT
C2K19_b0c9d2329ad1606b_2018-08-02-08-34-47_40,73,146,7.3,ACCELERATING,LEFT
C2K19_b0c9d2329ad1606b_2018-08-02-08-34-47_40,74,148,7.4,ACCELERATING,LEFT
C2K19_b0c9d2329ad1606b_2018-08-02-08-34-47_40,75,150,7.5,ACCELERATING,LEFT
C2K19_b0c9d2329ad1606b_2018-08-02-08-34-47_40,76,152,7.6,ACCELERATING,LEFT
C2K19_b0c9d2329ad1606b_2018-08-02-08-34-47_40,77,154,7.7,ACCELERATING,LEFT
C2K19_b0c9d2329ad1606b_2018-08-02-08-34-47_40,78,156,7.8,ACCELERATING,STRAIGHT
C2K19_b0c9d2329ad1606b_2018-08-02-08-34-47_40,79,158,7.9,ACCELERATING,STRAIGHT
C2K19_b0c9d2329ad1606b_2018-08-02-08-34-47_40,80,160,8.0,ACCELERATING,STRAIGHT
C2K19_b0c9d2329ad1606b_2018-08-02-08-34-47_40,81,162,8.1,ACCELERATING,STRAIGHT
C2K19_b0c9d2329ad1606b_2018-08-02-08-34-47_40,82,164,8.2,ACCELERATING,STRAIGHT
C2K19_b0c9d2329ad1606b_2018-08-02-08-34-47_40,83,166,8.3,ACCELERATING,STRAIGHT
C2K19_b0c9d2329ad1606b_2018-08-02-08-34-47_40,84,168,8.4,ACCELERATING,STRAIGHT
C2K19_b0c9d2329ad1606b_2018-08-02-08-34-47_40,85,170,8.5,ACCELERATING,STRAIGHT
C2K19_b0c9d2329ad1606b_2018-08-02-08-34-47_40,86,172,8.6,ACCELERATING,STRAIGHT
C2K19_b0c9d2329ad1606b_2018-08-02-08-34-47_40,87,174,8.7,ACCELERATING,STRAIGHT
C2K19_b0c9d2329ad1606b_2018-08-02-08-34-47_40,88,176,8.8,ACCELERATING,STRAIGHT
C2K19_b0c9d2329ad1606b_2018-08-02-08-34-47_40,89,178,8.9,ACCELERATING,RIGHT
C2K19_b0c9d2329ad1606b_2018-08-02-08-34-47_40,90,180,9.0,CONSTANT,RIGHT
C2K19_b0c9d2329ad1606b_2018-08-02-08-34-47_40,91,182,9.1,CONSTANT,RIGHT
C2K19_b0c9d2329ad1606b_2018-08-02-08-34-47_40,92,184,9.2,CONSTANT,RIGHT
C2K19_b0c9d2329ad1606b_2018-08-02-08-34-47_40,93,186,9.3,CONSTANT,RIGHT
C2K19_b0c9d2329ad1606b_2018-08-02-08-34-47_40,94,188,9.4,CONSTANT,STRAIGHT
C2K19_b0c9d2329ad1606b_2018-08-02-08-34-47_40,95,190,9.5,CONSTANT,RIGHT
C2K19_b0c9d2329ad1606b_2018-08-02-08-34-47_40,96,192,9.6,CONSTANT,RIGHT
C2K19_b0c9d2329ad1606b_2018-08-02-08-34-47_40,97,194,9.7,CONSTANT,RIGHT
C2K19_b0c9d2329ad1606b_2018-08-02-08-34-47_40,98,196,9.8,CONSTANT,RIGHT
C2K19_b0c9d2329ad1606b_2018-08-02-08-34-47_40,99,198,9.9,CONSTANT,RIGHT
C2K19_b0c9d2329ad1606b_2018-08-02-08-34-47_40,100,200,10.0,CONSTANT,RIGHT
C2K19_b0c9d2329ad1606b_2018-08-02-08-34-47_40,101,202,10.1,CONSTANT,RIGHT
C2K19_b0c9d2329ad1606b_2018-08-02-08-34-47_40,102,204,10.2,CONSTANT,RIGHT
C2K19_b0c9d2329ad1606b_2018-08-02-08-34-47_40,103,206,10.3,CONSTANT,RIGHT
C2K19_b0c9d2329ad1606b_2018-08-02-08-34-47_40,104,208,10.4,CONSTANT,RIGHT
C2K19_b0c9d2329ad1606b_2018-08-02-08-34-47_40,105,210,10.5,CONSTANT,STRAIGHT
C2K19_b0c9d2329ad1606b_2018-08-02-08-34-47_40,106,212,10.6,CONSTANT,STRAIGHT
C2K19_b0c9d2329ad1606b_2018-08-02-08-34-47_40,107,214,10.7,CONSTANT,STRAIGHT
C2K19_b0c9d2329ad1606b_2018-08-02-08-34-47_40,108,216,10.8,CONSTANT,STRAIGHT
C2K19_b0c9d2329ad1606b_2018-08-02-08-34-47_40,109,218,10.9,CONSTANT,STRAIGHT
C2K19_b0c9d2329ad1606b_2018-08-02-08-34-47_40,110,220,11.0,CONSTANT,STRAIGHT
C2K19_b0c9d2329ad1606b_2018-08-02-08-34-47_40,111,222,11.1,CONSTANT,STRAIGHT
C2K19_b0c9d2329ad1606b_2018-08-02-08-34-47_40,112,224,11.2,CONSTANT,LEFT
C2K19_b0c9d2329ad1606b_2018-08-02-08-34-47_40,113,226,11.3,DECELERATING,LEFT
C2K19_b0c9d2329ad1606b_2018-08-02-08-34-47_40,114,228,11.4,CONSTANT,STRAIGHT
C2K19_b0c9d2329ad1606b_2018-08-02-08-34-47_40,115,230,11.5,CONSTANT,STRAIGHT
C2K19_b0c9d2329ad1606b_2018-08-02-08-34-47_40,116,232,11.6,DECELERATING,STRAIGHT
C2K19_b0c9d2329ad1606b_2018-08-02-08-34-47_40,117,234,11.7,CONSTANT,STRAIGHT
C2K19_b0c9d2329ad1606b_2018-08-02-08-34-47_40,118,236,11.8,DECELERATING,STRAIGHT
C2K19_b0c9d2329ad1606b_2018-08-02-08-34-47_40,119,238,11.9,CONSTANT,LEFT
C2K19_b0c9d2329ad1606b_2018-08-02-08-34-47_40,120,240,12.0,DECELERATING,LEFT
C2K19_b0c9d2329ad1606b_2018-08-02-08-34-47_40,121,242,12.1,CONSTANT,LEFT
C2K19_b0c9d2329ad1606b_2018-08-02-08-34-47_40,122,244,12.2,CONSTANT,STRAIGHT
C2K19_b0c9d2329ad1606b_2018-08-02-08-34-47_40,123,246,12.3,CONSTANT,STRAIGHT
C2K19_b0c9d2329ad1606b_2018-08-02-08-34-47_40,124,248,12.4,CONSTANT,STRAIGHT
C2K19_b0c9d2329ad1606b_2018-08-02-08-34-47_40,125,250,12.5,CONSTANT,STRAIGHT
C2K19_b0c9d2329ad1606b_2018-08-02-08-34-47_40,126,252,12.6,DECELERATING,LEFT
C2K19_b0c9d2329ad1606b_2018-08-02-08-34-47_40,127,254,12.7,CONSTANT,LEFT
C2K19_b0c9d2329ad1606b_2018-08-02-08-34-47_40,128,256,12.8,DECELERATING,LEFT
C2K19_b0c9d2329ad1606b_2018-08-02-08-34-47_40,129,258,12.9,CONSTANT,LEFT
C2K19_b0c9d2329ad1606b_2018-08-02-08-34-47_40,130,260,13.0,DECELERATING,LEFT
C2K19_b0c9d2329ad1606b_2018-08-02-08-34-47_40,131,262,13.1,CONSTANT,LEFT
C2K19_b0c9d2329ad1606b_2018-08-02-08-34-47_40,132,264,13.2,CONSTANT,STRAIGHT
C2K19_b0c9d2329ad1606b_2018-08-02-08-34-47_40,133,266,13.3,CONSTANT,STRAIGHT
C2K19_b0c9d2329ad1606b_2018-08-02-08-34-47_40,134,268,13.4,CONSTANT,STRAIGHT
C2K19_b0c9d2329ad1606b_2018-08-02-08-34-47_40,135,270,13.5,DECELERATING,STRAIGHT
C2K19_b0c9d2329ad1606b_2018-08-02-08-34-47_40,136,272,13.6,CONSTANT,STRAIGHT
C2K19_b0c9d2329ad1606b_2018-08-02-08-34-47_40,137,274,13.7,DECELERATING,STRAIGHT
C2K19_b0c9d2329ad1606b_2018-08-02-08-34-47_40,138,276,13.8,CONSTANT,STRAIGHT
C2K19_b0c9d2329ad1606b_2018-08-02-08-34-47_40,139,278,13.9,CONSTANT,STRAIGHT
C2K19_b0c9d2329ad1606b_2018-08-02-08-34-47_40,140,280,14.0,CONSTANT,STRAIGHT
C2K19_b0c9d2329ad1606b_2018-08-02-08-34-47_40,141,282,14.1,CONSTANT,STRAIGHT
C2K19_b0c9d2329ad1606b_2018-08-02-08-34-47_40,142,284,14.2,CONSTANT,STRAIGHT
C2K19_b0c9d2329ad1606b_2018-08-02-08-34-47_40,143,286,14.3,CONSTANT,STRAIGHT
C2K19_b0c9d2329ad1606b_2018-08-02-08-34-47_40,144,288,14.4,CONSTANT,STRAIGHT
C2K19_b0c9d2329ad1606b_2018-08-02-08-34-47_40,145,290,14.5,CONSTANT,STRAIGHT
C2K19_b0c9d2329ad1606b_2018-08-02-08-34-47_40,146,292,14.6,CONSTANT,STRAIGHT
C2K19_b0c9d2329ad1606b_2018-08-02-08-34-47_40,147,294,14.7,CONSTANT,STRAIGHT
C2K19_b0c9d2329ad1606b_2018-08-02-08-34-47_40,148,296,14.8,CONSTANT,STRAIGHT
C2K19_b0c9d2329ad1606b_2018-08-02-08-34-47_40,149,298,14.9,CONSTANT,STRAIGHT
C2K19_b0c9d2329ad1606b_2018-08-02-08-34-47_40,150,300,15.0,CONSTANT,STRAIGHT
C2K19_b0c9d2329ad1606b_2018-08-02-08-34-47_40,151,302,15.1,CONSTANT,STRAIGHT
C2K19_b0c9d2329ad1606b_2018-08-02-08-34-47_40,152,304,15.2,CONSTANT,STRAIGHT
C2K19_b0c9d2329ad1606b_2018-08-02-08-34-47_40,153,306,15.3,CONSTANT,STRAIGHT
C2K19_b0c9d2329ad1606b_2018-08-02-08-34-47_40,154,308,15.4,CONSTANT,STRAIGHT
C2K19_b0c9d2329ad1606b_2018-08-02-08-34-47_40,155,310,15.5,CONSTANT,STRAIGHT
C2K19_b0c9d2329ad1606b_2018-08-02-08-34-47_40,156,312,15.6,DECELERATING,STRAIGHT
C2K19_b0c9d2329ad1606b_2018-08-02-08-34-47_40,157,314,15.7,CONSTANT,STRAIGHT
C2K19_b0c9d2329ad1606b_2018-08-02-08-34-47_40,158,316,15.8,CONSTANT,STRAIGHT
C2K19_b0c9d2329ad1606b_2018-08-02-08-34-47_40,159,318,15.9,CONSTANT,STRAIGHT
C2K19_b0c9d2329ad1606b_2018-08-02-08-34-47_40,160,320,16.0,CONSTANT,STRAIGHT
C2K19_b0c9d2329ad1606b_2018-08-02-08-34-47_40,161,322,16.1,CONSTANT,STRAIGHT
C2K19_b0c9d2329ad1606b_2018-08-02-08-34-47_40,162,324,16.2,DECELERATING,STRAIGHT
C2K19_b0c9d2329ad1606b_2018-08-02-08-34-47_40,163,326,16.3,DECELERATING,STRAIGHT
C2K19_b0c9d2329ad1606b_2018-08-02-08-34-47_40,164,328,16.4,CONSTANT,STRAIGHT
C2K19_b0c9d2329ad1606b_2018-08-02-08-34-47_40,165,330,16.5,CONSTANT,STRAIGHT
C2K19_b0c9d2329ad1606b_2018-08-02-08-34-47_40,166,332,16.6,CONSTANT,STRAIGHT
C2K19_b0c9d2329ad1606b_2018-08-02-08-34-47_40,167,334,16.7,CONSTANT,STRAIGHT
C2K19_b0c9d2329ad1606b_2018-08-02-08-34-47_40,168,336,16.8,CONSTANT,STRAIGHT
C2K19_b0c9d2329ad1606b_2018-08-02-08-34-47_40,169,338,16.9,CONSTANT,STRAIGHT
C2K19_b0c9d2329ad1606b_2018-08-02-08-34-47_40,170,340,17.0,CONSTANT,STRAIGHT
C2K19_b0c9d2329ad1606b_2018-08-02-08-34-47_40,171,342,17.1,DECELERATING,STRAIGHT
C2K19_b0c9d2329ad1606b_2018-08-02-08-34-47_40,172,344,17.2,CONSTANT,STRAIGHT
C2K19_b0c9d2329ad1606b_2018-08-02-08-34-47_40,173,346,17.3,CONSTANT,STRAIGHT
C2K19_b0c9d2329ad1606b_2018-08-02-08-34-47_40,174,348,17.4,CONSTANT,STRAIGHT
C2K19_b0c9d2329ad1606b_2018-08-02-08-34-47_40,175,350,17.5,CONSTANT,STRAIGHT
C2K19_b0c9d2329ad1606b_2018-08-02-08-34-47_40,176,352,17.6,CONSTANT,STRAIGHT
C2K19_b0c9d2329ad1606b_2018-08-02-08-34-47_40,177,354,17.7,DECELERATING,STRAIGHT
C2K19_b0c9d2329ad1606b_2018-08-02-08-34-47_40,178,356,17.8,CONSTANT,STRAIGHT
C2K19_b0c9d2329ad1606b_2018-08-02-08-34-47_40,179,358,17.9,CONSTANT,STRAIGHT
C2K19_b0c9d2329ad1606b_2018-08-02-08-34-47_40,180,360,18.0,CONSTANT,STRAIGHT
C2K19_b0c9d2329ad1606b_2018-08-02-08-34-47_40,181,362,18.1,CONSTANT,STRAIGHT
C2K19_b0c9d2329ad1606b_2018-08-02-08-34-47_40,182,364,18.2,CONSTANT,STRAIGHT
C2K19_b0c9d2329ad1606b_2018-08-02-08-34-47_40,183,366,18.3,CONSTANT,STRAIGHT
C2K19_b0c9d2329ad1606b_2018-08-02-08-34-47_40,184,368,18.4,CONSTANT,STRAIGHT
C2K19_b0c9d2329ad1606b_2018-08-02-08-34-47_40,185,370,18.5,CONSTANT,STRAIGHT
C2K19_b0c9d2329ad1606b_2018-08-02-08-34-47_40,186,372,18.6,CONSTANT,STRAIGHT
C2K19_b0c9d2329ad1606b_2018-08-02-08-34-47_40,187,374,18.7,CONSTANT,STRAIGHT
C2K19_b0c9d2329ad1606b_2018-08-02-08-34-47_40,188,376,18.8,CONSTANT,STRAIGHT
C2K19_b0c9d2329ad1606b_2018-08-02-08-34-47_40,189,378,18.9,CONSTANT,STRAIGHT
C2K19_b0c9d2329ad1606b_2018-08-02-08-34-47_40,190,380,19.0,ACCELERATING,STRAIGHT
C2K19_b0c9d2329ad1606b_2018-08-02-08-34-47_40,191,382,19.1,CONSTANT,STRAIGHT
C2K19_b0c9d2329ad1606b_2018-08-02-08-34-47_40,192,384,19.2,CONSTANT,STRAIGHT
C2K19_b0c9d2329ad1606b_2018-08-02-08-34-47_40,193,386,19.3,CONSTANT,STRAIGHT
C2K19_b0c9d2329ad1606b_2018-08-02-08-34-47_40,194,388,19.4,ACCELERATING,STRAIGHT
C2K19_b0c9d2329ad1606b_2018-08-02-08-34-47_40,195,390,19.5,ACCELERATING,STRAIGHT
C2K19_b0c9d2329ad1606b_2018-08-02-08-34-47_40,196,392,19.6,CONSTANT,STRAIGHT
C2K19_b0c9d2329ad1606b_2018-08-02-08-34-47_40,197,394,19.7,CONSTANT,STRAIGHT
C2K19_b0c9d2329ad1606b_2018-08-02-08-34-47_40,198,396,19.8,CONSTANT,STRAIGHT
C2K19_b0c9d2329ad1606b_2018-08-02-08-34-47_40,199,398,19.9,CONSTANT,STRAIGHT
C2K19_b0c9d2329ad1606b_2018-08-02-08-34-47_40,200,400,20.0,ACCELERATING,STRAIGHT
C2K19_b0c9d2329ad1606b_2018-08-02-08-34-47_40,201,402,20.1,CONSTANT,STRAIGHT
C2K19_b0c9d2329ad1606b_2018-08-02-08-34-47_40,202,404,20.2,ACCELERATING,STRAIGHT
C2K19_b0c9d2329ad1606b_2018-08-02-08-34-47_40,203,406,20.3,ACCELERATING,STRAIGHT
C2K19_b0c9d2329ad1606b_2018-08-02-08-34-47_40,204,408,20.4,ACCELERATING,STRAIGHT
C2K19_b0c9d2329ad1606b_2018-08-02-08-34-47_40,205,410,20.5,CONSTANT,STRAIGHT
C2K19_b0c9d2329ad1606b_2018-08-02-08-34-47_40,206,412,20.6,CONSTANT,STRAIGHT
C2K19_b0c9d2329ad1606b_2018-08-02-08-34-47_40,207,414,20.7,CONSTANT,STRAIGHT
C2K19_b0c9d2329ad1606b_2018-08-02-08-34-47_40,208,416,20.8,CONSTANT,STRAIGHT
C2K19_b0c9d2329ad1606b_2018-08-02-08-34-47_40,209,418,20.9,ACCELERATING,STRAIGHT
C2K19_b0c9d2329ad1606b_2018-08-02-08-34-47_40,210,420,21.0,CONSTANT,STRAIGHT
C2K19_b0c9d2329ad1606b_2018-08-02-08-34-47_40,211,422,21.1,CONSTANT,STRAIGHT
C2K19_b0c9d2329ad1606b_2018-08-02-08-34-47_40,212,424,21.2,CONSTANT,STRAIGHT
C2K19_b0c9d2329ad1606b_2018-08-02-08-34-47_40,213,426,21.3,CONSTANT,STRAIGHT
C2K19_b0c9d2329ad1606b_2018-08-02-08-34-47_40,214,428,21.4,CONSTANT,STRAIGHT
C2K19_b0c9d2329ad1606b_2018-08-02-08-34-47_40,215,430,21.5,CONSTANT,STRAIGHT
C2K19_b0c9d2329ad1606b_2018-08-02-08-34-47_40,216,432,21.6,ACCELERATING,STRAIGHT
C2K19_b0c9d2329ad1606b_2018-08-02-08-34-47_40,217,434,21.7,CONSTANT,STRAIGHT
C2K19_b0c9d2329ad1606b_2018-08-02-08-34-47_40,218,436,21.8,CONSTANT,STRAIGHT
C2K19_b0c9d2329ad1606b_2018-08-02-08-34-47_40,219,438,21.9,CONSTANT,STRAIGHT
C2K19_b0c9d2329ad1606b_2018-08-02-08-34-47_40,220,440,22.0,CONSTANT,STRAIGHT
C2K19_b0c9d2329ad1606b_2018-08-02-08-34-47_40,221,442,22.1,ACCELERATING,STRAIGHT
C2K19_b0c9d2329ad1606b_2018-08-02-08-34-47_40,222,444,22.2,CONSTANT,STRAIGHT
C2K19_b0c9d2329ad1606b_2018-08-02-08-34-47_40,223,446,22.3,CONSTANT,STRAIGHT
C2K19_b0c9d2329ad1606b_2018-08-02-08-34-47_40,224,448,22.4,CONSTANT,STRAIGHT
C2K19_b0c9d2329ad1606b_2018-08-02-08-34-47_40,225,450,22.5,CONSTANT,STRAIGHT
C2K19_b0c9d2329ad1606b_2018-08-02-08-34-47_40,226,452,22.6,CONSTANT,STRAIGHT
C2K19_b0c9d2329ad1606b_2018-08-02-08-34-47_40,227,454,22.7,CONSTANT,STRAIGHT
C2K19_b0c9d2329ad1606b_2018-08-02-08-34-47_40,228,456,22.8,DECELERATING,STRAIGHT
C2K19_b0c9d2329ad1606b_2018-08-02-08-34-47_40,229,458,22.9,DECELERATING,STRAIGHT
C2K19_b0c9d2329ad1606b_2018-08-02-08-34-47_40,230,460,23.0,DECELERATING,STRAIGHT
C2K19_b0c9d2329ad1606b_2018-08-02-08-34-47_40,231,462,23.1,DECELERATING,STRAIGHT
C2K19_b0c9d2329ad1606b_2018-08-02-08-34-47_40,232,464,23.2,DECELERATING,STRAIGHT
C2K19_b0c9d2329ad1606b_2018-08-02-08-34-47_40,233,466,23.3,CONSTANT,STRAIGHT
C2K19_b0c9d2329ad1606b_2018-08-02-08-34-47_40,234,468,23.4,CONSTANT,STRAIGHT
C2K19_b0c9d2329ad1606b_2018-08-02-08-34-47_40,235,470,23.5,DECELERATING,STRAIGHT
C2K19_b0c9d2329ad1606b_2018-08-02-08-34-47_40,236,472,23.6,DECELERATING,STRAIGHT
C2K19_b0c9d2329ad1606b_2018-08-02-08-34-47_40,237,474,23.7,DECELERATING,STRAIGHT
C2K19_b0c9d2329ad1606b_2018-08-02-08-34-47_40,238,476,23.8,DECELERATING,STRAIGHT
C2K19_b0c9d2329ad1606b_2018-08-02-08-34-47_40,239,478,23.9,DECELERATING,STRAIGHT
C2K19_b0c9d2329ad1606b_2018-08-02-08-34-47_40,240,480,24.0,CONSTANT,STRAIGHT
C2K19_b0c9d2329ad1606b_2018-08-02-08-34-47_40,241,482,24.1,DECELERATING,STRAIGHT
C2K19_b0c9d2329ad1606b_2018-08-02-08-34-47_40,242,484,24.2,DECELERATING,STRAIGHT
C2K19_b0c9d2329ad1606b_2018-08-02-08-34-47_40,243,486,24.3,DECELERATING,STRAIGHT
C2K19_b0c9d2329ad1606b_2018-08-02-08-34-47_40,244,488,24.4,DECELERATING,STRAIGHT
C2K19_b0c9d2329ad1606b_2018-08-02-08-34-47_40,245,490,24.5,DECELERATING,STRAIGHT
C2K19_b0c9d2329ad1606b_2018-08-02-08-34-47_40,246,492,24.6,DECELERATING,STRAIGHT
C2K19_b0c9d2329ad1606b_2018-08-02-08-34-47_40,247,494,24.7,DECELERATING,STRAIGHT
C2K19_b0c9d2329ad1606b_2018-08-02-08-34-47_40,248,496,24.8,DECELERATING,RIGHT
C2K19_b0c9d2329ad1606b_2018-08-02-08-34-47_40,249,498,24.9,DECELERATING,RIGHT
C2K19_b0c9d2329ad1606b_2018-08-02-08-34-47_40,250,500,25.0,DECELERATING,STRAIGHT
C2K19_b0c9d2329ad1606b_2018-08-02-08-34-47_40,251,502,25.1,DECELERATING,STRAIGHT
C2K19_b0c9d2329ad1606b_2018-08-02-08-34-47_40,252,504,25.2,CONSTANT,RIGHT
C2K19_b0c9d2329ad1606b_2018-08-02-08-34-47_40,253,506,25.3,CONSTANT,RIGHT
C2K19_b0c9d2329ad1606b_2018-08-02-08-34-47_40,254,508,25.4,CONSTANT,RIGHT
C2K19_b0c9d2329ad1606b_2018-08-02-08-34-47_40,255,510,25.5,CONSTANT,RIGHT
C2K19_b0c9d2329ad1606b_2018-08-02-08-34-47_40,256,512,25.6,DECELERATING,RIGHT
C2K19_b0c9d2329ad1606b_2018-08-02-08-34-47_40,257,514,25.7,CONSTANT,STRAIGHT
C2K19_b0c9d2329ad1606b_2018-08-02-08-34-47_40,258,516,25.8,CONSTANT,STRAIGHT
C2K19_b0c9d2329ad1606b_2018-08-02-08-34-47_40,259,518,25.9,CONSTANT,STRAIGHT
C2K19_b0c9d2329ad1606b_2018-08-02-08-34-47_40,260,520,26.0,CONSTANT,STRAIGHT
C2K19_b0c9d2329ad1606b_2018-08-02-08-34-47_40,261,522,26.1,CONSTANT,STRAIGHT
C2K19_b0c9d2329ad1606b_2018-08-02-08-34-47_40,262,524,26.2,CONSTANT,STRAIGHT
C2K19_b0c9d2329ad1606b_2018-08-02-08-34-47_40,263,526,26.3,CONSTANT,STRAIGHT
C2K19_b0c9d2329ad1606b_2018-08-02-08-34-47_40,264,528,26.4,CONSTANT,STRAIGHT
C2K19_b0c9d2329ad1606b_2018-08-02-08-34-47_40,265,530,26.5,CONSTANT,STRAIGHT
C2K19_b0c9d2329ad1606b_2018-08-02-08-34-47_40,266,532,26.6,CONSTANT,STRAIGHT
C2K19_b0c9d2329ad1606b_2018-08-02-08-34-47_40,267,534,26.7,DECELERATING,STRAIGHT
C2K19_b0c9d2329ad1606b_2018-08-02-08-34-47_40,268,536,26.8,CONSTANT,STRAIGHT
C2K19_b0c9d2329ad1606b_2018-08-02-08-34-47_40,269,538,26.9,CONSTANT,STRAIGHT
C2K19_b0c9d2329ad1606b_2018-08-02-08-34-47_40,270,540,27.0,CONSTANT,STRAIGHT
C2K19_b0c9d2329ad1606b_2018-08-02-08-34-47_40,271,542,27.1,CONSTANT,STRAIGHT
C2K19_b0c9d2329ad1606b_2018-08-02-08-34-47_40,272,544,27.2,DECELERATING,STRAIGHT
C2K19_b0c9d2329ad1606b_2018-08-02-08-34-47_40,273,546,27.3,DECELERATING,STRAIGHT
C2K19_b0c9d2329ad1606b_2018-08-02-08-34-47_40,274,548,27.4,CONSTANT,STRAIGHT
C2K19_b0c9d2329ad1606b_2018-08-02-08-34-47_40,275,550,27.5,CONSTANT,STRAIGHT
C2K19_b0c9d2329ad1606b_2018-08-02-08-34-47_40,276,552,27.6,ACCELERATING,STRAIGHT
C2K19_b0c9d2329ad1606b_2018-08-02-08-34-47_40,277,554,27.7,CONSTANT,STRAIGHT
C2K19_b0c9d2329ad1606b_2018-08-02-08-34-47_40,278,556,27.8,CONSTANT,STRAIGHT
C2K19_b0c9d2329ad1606b_2018-08-02-08-34-47_40,279,558,27.9,CONSTANT,STRAIGHT
C2K19_b0c9d2329ad1606b_2018-08-02-08-34-47_40,280,560,28.0,DECELERATING,STRAIGHT
C2K19_b0c9d2329ad1606b_2018-08-02-08-34-47_40,281,562,28.1,CONSTANT,STRAIGHT
C2K19_b0c9d2329ad1606b_2018-08-02-08-34-47_40,282,564,28.2,DECELERATING,STRAIGHT
C2K19_b0c9d2329ad1606b_2018-08-02-08-34-47_40,283,566,28.3,DECELERATING,STRAIGHT
C2K19_b0c9d2329ad1606b_2018-08-02-08-34-47_40,284,568,28.4,CONSTANT,STRAIGHT
C2K19_b0c9d2329ad1606b_2018-08-02-08-34-47_40,285,570,28.5,CONSTANT,STRAIGHT
C2K19_b0c9d2329ad1606b_2018-08-02-08-34-47_40,286,572,28.6,DECELERATING,STRAIGHT
C2K19_b0c9d2329ad1606b_2018-08-02-08-34-47_40,287,574,28.7,CONSTANT,STRAIGHT
C2K19_b0c9d2329ad1606b_2018-08-02-08-34-47_40,288,576,28.8,CONSTANT,STRAIGHT
C2K19_b0c9d2329ad1606b_2018-08-02-08-34-47_40,289,578,28.9,CONSTANT,STRAIGHT
C2K19_b0c9d2329ad1606b_2018-08-02-08-34-47_40,290,580,29.0,CONSTANT,STRAIGHT
C2K19_b0c9d2329ad1606b_2018-08-02-08-34-47_40,291,582,29.1,CONSTANT,STRAIGHT
C2K19_b0c9d2329ad1606b_2018-08-02-08-34-47_40,292,584,29.2,DECELERATING,STRAIGHT
C2K19_b0c9d2329ad1606b_2018-08-02-08-34-47_40,293,586,29.3,CONSTANT,STRAIGHT
C2K19_b0c9d2329ad1606b_2018-08-02-08-34-47_40,294,588,29.4,CONSTANT,STRAIGHT
C2K19_b0c9d2329ad1606b_2018-08-02-08-34-47_40,295,590,29.5,CONSTANT,STRAIGHT
C2K19_b0c9d2329ad1606b_2018-08-02-08-34-47_40,296,592,29.6,DECELERATING,STRAIGHT
C2K19_b0c9d2329ad1606b_2018-08-02-08-34-47_40,297,594,29.7,DECELERATING,STRAIGHT
C2K19_b0c9d2329ad1606b_2018-08-02-08-34-47_40,298,596,29.8,DECELERATING,STRAIGHT
C2K19_b0c9d2329ad1606b_2018-08-02-08-34-47_40,299,598,29.9,CONSTANT,STRAIGHT
C2K19_b0c9d2329ad1606b_2018-08-02-08-34-47_40,300,600,30.0,DECELERATING,STRAIGHT
C2K19_b0c9d2329ad1606b_2018-08-02-08-34-47_40,301,602,30.1,DECELERATING,STRAIGHT
C2K19_b0c9d2329ad1606b_2018-08-02-08-34-47_40,302,604,30.2,DECELERATING,STRAIGHT
C2K19_b0c9d2329ad1606b_2018-08-02-08-34-47_40,303,606,30.3,DECELERATING,STRAIGHT
C2K19_b0c9d2329ad1606b_2018-08-02-08-34-47_40,304,608,30.4,DECELERATING,STRAIGHT
C2K19_b0c9d2329ad1606b_2018-08-02-08-34-47_40,305,610,30.5,DECELERATING,STRAIGHT
C2K19_b0c9d2329ad1606b_2018-08-02-08-34-47_40,306,612,30.6,DECELERATING,STRAIGHT
C2K19_b0c9d2329ad1606b_2018-08-02-08-34-47_40,307,614,30.7,DECELERATING,STRAIGHT
C2K19_b0c9d2329ad1606b_2018-08-02-08-34-47_40,308,616,30.8,DECELERATING,STRAIGHT
C2K19_b0c9d2329ad1606b_2018-08-02-08-34-47_40,309,618,30.9,DECELERATING,STRAIGHT
C2K19_b0c9d2329ad1606b_2018-08-02-08-34-47_40,310,620,31.0,DECELERATING,STRAIGHT
C2K19_b0c9d2329ad1606b_2018-08-02-08-34-47_40,311,622,31.1,DECELERATING,STRAIGHT
C2K19_b0c9d2329ad1606b_2018-08-02-08-34-47_40,312,624,31.2,DECELERATING,STRAIGHT
C2K19_b0c9d2329ad1606b_2018-08-02-08-34-47_40,313,626,31.3,DECELERATING,STRAIGHT
C2K19_b0c9d2329ad1606b_2018-08-02-08-34-47_40,314,628,31.4,DECELERATING,STRAIGHT
C2K19_b0c9d2329ad1606b_2018-08-02-08-34-47_40,315,630,31.5,DECELERATING,STRAIGHT
C2K19_b0c9d2329ad1606b_2018-08-02-08-34-47_40,316,632,31.6,DECELERATING,STRAIGHT
C2K19_b0c9d2329ad1606b_2018-08-02-08-34-47_40,317,634,31.7,DECELERATING,STRAIGHT
C2K19_b0c9d2329ad1606b_2018-08-02-08-34-47_40,318,636,31.8,DECELERATING,STRAIGHT
C2K19_b0c9d2329ad1606b_2018-08-02-08-34-47_40,319,638,31.9,DECELERATING,STRAIGHT
C2K19_b0c9d2329ad1606b_2018-08-02-08-34-47_40,320,640,32.0,DECELERATING,STRAIGHT
C2K19_b0c9d2329ad1606b_2018-08-02-08-34-47_40,321,642,32.1,DECELERATING,STRAIGHT
C2K19_b0c9d2329ad1606b_2018-08-02-08-34-47_40,322,644,32.2,DECELERATING,STRAIGHT
C2K19_b0c9d2329ad1606b_2018-08-02-08-34-47_40,323,646,32.3,DECELERATING,STRAIGHT
C2K19_b0c9d2329ad1606b_2018-08-02-08-34-47_40,324,648,32.4,DECELERATING,STRAIGHT
C2K19_b0c9d2329ad1606b_2018-08-02-08-34-47_40,325,650,32.5,DECELERATING,STRAIGHT
C2K19_b0c9d2329ad1606b_2018-08-02-08-34-47_40,326,652,32.6,DECELERATING,STRAIGHT
C2K19_b0c9d2329ad1606b_2018-08-02-08-34-47_40,327,654,32.7,DECELERATING,STRAIGHT
C2K19_b0c9d2329ad1606b_2018-08-02-08-34-47_40,328,656,32.8,DECELERATING,STRAIGHT
C2K19_b0c9d2329ad1606b_2018-08-02-08-34-47_40,329,658,32.9,DECELERATING,STRAIGHT
C2K19_b0c9d2329ad1606b_2018-08-02-08-34-47_40,330,660,33.0,DECELERATING,STRAIGHT
C2K19_b0c9d2329ad1606b_2018-08-02-08-34-47_40,331,662,33.1,DECELERATING,STRAIGHT
C2K19_b0c9d2329ad1606b_2018-08-02-08-34-47_40,332,664,33.2,DECELERATING,STRAIGHT
C2K19_b0c9d2329ad1606b_2018-08-02-08-34-47_40,333,666,33.3,CONSTANT,STRAIGHT
C2K19_b0c9d2329ad1606b_2018-08-02-08-34-47_40,334,668,33.4,DECELERATING,STRAIGHT
C2K19_b0c9d2329ad1606b_2018-08-02-08-34-47_40,335,670,33.5,DECELERATING,STRAIGHT
C2K19_b0c9d2329ad1606b_2018-08-02-08-34-47_40,336,672,33.6,CONSTANT,RIGHT
C2K19_b0c9d2329ad1606b_2018-08-02-08-34-47_40,337,674,33.7,DECELERATING,RIGHT
C2K19_b0c9d2329ad1606b_2018-08-02-08-34-47_40,338,676,33.8,CONSTANT,STRAIGHT
C2K19_b0c9d2329ad1606b_2018-08-02-08-34-47_40,339,678,33.9,CONSTANT,STRAIGHT
C2K19_b0c9d2329ad1606b_2018-08-02-08-34-47_40,340,680,34.0,CONSTANT,STRAIGHT
C2K19_b0c9d2329ad1606b_2018-08-02-08-34-47_40,341,682,34.1,CONSTANT,STRAIGHT
C2K19_b0c9d2329ad1606b_2018-08-02-08-34-47_40,342,684,34.2,ACCELERATING,STRAIGHT
C2K19_b0c9d2329ad1606b_2018-08-02-08-34-47_40,343,686,34.3,DECELERATING,STRAIGHT
C2K19_b0c9d2329ad1606b_2018-08-02-08-34-47_40,344,688,34.4,ACCELERATING,STRAIGHT
C2K19_b0c9d2329ad1606b_2018-08-02-08-34-47_40,345,690,34.5,CONSTANT,STRAIGHT
C2K19_b0c9d2329ad1606b_2018-08-02-08-34-47_40,346,692,34.6,CONSTANT,STRAIGHT
C2K19_b0c9d2329ad1606b_2018-08-02-08-34-47_40,347,694,34.7,ACCELERATING,STRAIGHT
C2K19_b0c9d2329ad1606b_2018-08-02-08-34-47_40,348,696,34.8,CONSTANT,STRAIGHT
C2K19_b0c9d2329ad1606b_2018-08-02-08-34-47_40,349,698,34.9,ACCELERATING,STRAIGHT
C2K19_b0c9d2329ad1606b_2018-08-02-08-34-47_40,350,700,35.0,CONSTANT,STRAIGHT
C2K19_b0c9d2329ad1606b_2018-08-02-08-34-47_40,351,702,35.099,ACCELERATING,STRAIGHT
C2K19_b0c9d2329ad1606b_2018-08-02-08-34-47_40,352,704,35.2,ACCELERATING,STRAIGHT
C2K19_b0c9d2329ad1606b_2018-08-02-08-34-47_40,353,706,35.299,CONSTANT,STRAIGHT
C2K19_b0c9d2329ad1606b_2018-08-02-08-34-47_40,354,708,35.399,CONSTANT,STRAIGHT
C2K19_b0c9d2329ad1606b_2018-08-02-08-34-47_40,355,710,35.499,ACCELERATING,STRAIGHT
C2K19_b0c9d2329ad1606b_2018-08-02-08-34-47_40,356,712,35.599,CONSTANT,STRAIGHT
C2K19_b0c9d2329ad1606b_2018-08-02-08-34-47_40,357,714,35.699,CONSTANT,STRAIGHT
C2K19_b0c9d2329ad1606b_2018-08-02-08-34-47_40,358,716,35.8,CONSTANT,STRAIGHT
C2K19_b0c9d2329ad1606b_2018-08-02-08-34-47_40,359,718,35.899,CONSTANT,STRAIGHT
C2K19_b0c9d2329ad1606b_2018-08-02-08-34-47_40,360,720,35.999,CONSTANT,STRAIGHT
C2K19_b0c9d2329ad1606b_2018-08-02-08-34-47_40,361,722,36.099,CONSTANT,STRAIGHT
C2K19_b0c9d2329ad1606b_2018-08-02-08-34-47_40,362,724,36.199,CONSTANT,STRAIGHT
C2K19_b0c9d2329ad1606b_2018-08-02-08-34-47_40,363,726,36.299,ACCELERATING,STRAIGHT
C2K19_b0c9d2329ad1606b_2018-08-02-08-34-47_40,364,728,36.399,ACCELERATING,STRAIGHT
C2K19_b0c9d2329ad1606b_2018-08-02-08-34-47_40,365,730,36.499,CONSTANT,STRAIGHT
C2K19_b0c9d2329ad1606b_2018-08-02-08-34-47_40,366,732,36.599,CONSTANT,STRAIGHT
C2K19_b0c9d2329ad1606b_2018-08-02-08-34-47_40,367,734,36.699,ACCELERATING,STRAIGHT
C2K19_b0c9d2329ad1606b_2018-08-02-08-34-47_40,368,736,36.799,CONSTANT,STRAIGHT
C2K19_b0c9d2329ad1606b_2018-08-02-08-34-47_40,369,738,36.899,CONSTANT,LEFT
C2K19_b0c9d2329ad1606b_2018-08-02-08-34-47_40,370,740,36.999,ACCELERATING,LEFT
C2K19_b0c9d2329ad1606b_2018-08-02-08-34-47_40,371,742,37.099,CONSTANT,LEFT
C2K19_b0c9d2329ad1606b_2018-08-02-08-34-47_40,372,744,37.199,ACCELERATING,STRAIGHT
C2K19_b0c9d2329ad1606b_2018-08-02-08-34-47_40,373,746,37.299,ACCELERATING,STRAIGHT
C2K19_b0c9d2329ad1606b_2018-08-02-08-34-47_40,374,748,37.399,ACCELERATING,STRAIGHT
C2K19_b0c9d2329ad1606b_2018-08-02-08-34-47_40,375,750,37.499,ACCELERATING,STRAIGHT
C2K19_b0c9d2329ad1606b_2018-08-02-08-34-47_40,376,752,37.599,ACCELERATING,STRAIGHT
C2K19_b0c9d2329ad1606b_2018-08-02-08-34-47_40,377,754,37.699,ACCELERATING,STRAIGHT
C2K19_b0c9d2329ad1606b_2018-08-02-08-34-47_40,378,756,37.799,ACCELERATING,STRAIGHT
C2K19_b0c9d2329ad1606b_2018-08-02-08-34-47_40,379,758,37.899,ACCELERATING,STRAIGHT
C2K19_b0c9d2329ad1606b_2018-08-02-08-34-47_40,380,760,37.999,ACCELERATING,STRAIGHT
C2K19_b0c9d2329ad1606b_2018-08-02-08-34-47_40,381,762,38.099,ACCELERATING,STRAIGHT
C2K19_b0c9d2329ad1606b_2018-08-02-08-34-47_40,382,764,38.199,ACCELERATING,STRAIGHT
C2K19_b0c9d2329ad1606b_2018-08-02-08-34-47_40,383,766,38.3,DECELERATING,STRAIGHT
C2K19_b0c9d2329ad1606b_2018-08-02-08-34-47_40,384,768,38.399,ACCELERATING,RIGHT
C2K19_b0c9d2329ad1606b_2018-08-02-08-34-47_40,385,770,38.499,CONSTANT,RIGHT
C2K19_b0c9d2329ad1606b_2018-08-02-08-34-47_40,386,772,38.599,ACCELERATING,RIGHT
C2K19_b0c9d2329ad1606b_2018-08-02-08-34-47_40,387,774,38.699,ACCELERATING,RIGHT
C2K19_b0c9d2329ad1606b_2018-08-02-08-34-47_40,388,776,38.799,CONSTANT,RIGHT
C2K19_b0c9d2329ad1606b_2018-08-02-08-34-47_40,389,778,38.899,ACCELERATING,RIGHT
C2K19_b0c9d2329ad1606b_2018-08-02-08-34-47_40,390,780,38.999,CONSTANT,RIGHT
C2K19_b0c9d2329ad1606b_2018-08-02-08-34-47_40,391,782,39.099,ACCELERATING,RIGHT
C2K19_b0c9d2329ad1606b_2018-08-02-08-34-47_40,392,784,39.199,ACCELERATING,RIGHT
C2K19_b0c9d2329ad1606b_2018-08-02-08-34-47_40,393,786,39.299,ACCELERATING,RIGHT
C2K19_b0c9d2329ad1606b_2018-08-02-08-34-47_40,394,788,39.399,ACCELERATING,RIGHT
C2K19_b0c9d2329ad1606b_2018-08-02-08-34-47_40,395,790,39.499,ACCELERATING,STRAIGHT
C2K19_b0c9d2329ad1606b_2018-08-02-08-34-47_40,396,792,39.599,ACCELERATING,STRAIGHT
C2K19_b0c9d2329ad1606b_2018-08-02-08-34-47_40,397,794,39.699,ACCELERATING,STRAIGHT
C2K19_b0c9d2329ad1606b_2018-08-02-08-34-47_40,398,796,39.799,ACCELERATING,STRAIGHT
C2K19_b0c9d2329ad1606b_2018-08-02-08-34-47_40,399,798,39.9,ACCELERATING,STRAIGHT
C2K19_b0c9d2329ad1606b_2018-08-02-08-34-47_40,400,800,39.999,ACCELERATING,STRAIGHT
C2K19_b0c9d2329ad1606b_2018-08-02-08-34-47_40,401,802,40.099,ACCELERATING,STRAIGHT
C2K19_b0c9d2329ad1606b_2018-08-02-08-34-47_40,402,804,40.199,ACCELERATING,STRAIGHT
C2K19_b0c9d2329ad1606b_2018-08-02-08-34-47_40,403,806,40.299,ACCELERATING,STRAIGHT
C2K19_b0c9d2329ad1606b_2018-08-02-08-34-47_40,404,808,40.399,CONSTANT,STRAIGHT
C2K19_b0c9d2329ad1606b_2018-08-02-08-34-47_40,405,810,40.499,ACCELERATING,STRAIGHT
C2K19_b0c9d2329ad1606b_2018-08-02-08-34-47_40,406,812,40.599,ACCELERATING,STRAIGHT
C2K19_b0c9d2329ad1606b_2018-08-02-08-34-47_40,407,814,40.699,CONSTANT,STRAIGHT
C2K19_b0c9d2329ad1606b_2018-08-02-08-34-47_40,408,816,40.799,CONSTANT,STRAIGHT
C2K19_b0c9d2329ad1606b_2018-08-02-08-34-47_40,409,818,40.899,CONSTANT,LEFT
C2K19_b0c9d2329ad1606b_2018-08-02-08-34-47_40,410,820,40.999,ACCELERATING,STRAIGHT
C2K19_b0c9d2329ad1606b_2018-08-02-08-34-47_40,411,822,41.099,CONSTANT,STRAIGHT
C2K19_b0c9d2329ad1606b_2018-08-02-08-34-47_40,412,824,41.199,CONSTANT,STRAIGHT
C2K19_b0c9d2329ad1606b_2018-08-02-08-34-47_40,413,826,41.299,CONSTANT,STRAIGHT
C2K19_b0c9d2329ad1606b_2018-08-02-08-34-47_40,414,828,41.399,CONSTANT,STRAIGHT
C2K19_b0c9d2329ad1606b_2018-08-02-08-34-47_40,415,830,41.499,CONSTANT,STRAIGHT
C2K19_b0c9d2329ad1606b_2018-08-02-08-34-47_40,416,832,41.599,CONSTANT,STRAIGHT
C2K19_b0c9d2329ad1606b_2018-08-02-08-34-47_40,417,834,41.699,ACCELERATING,STRAIGHT
C2K19_b0c9d2329ad1606b_2018-08-02-08-34-47_40,418,836,41.799,ACCELERATING,STRAIGHT
C2K19_b0c9d2329ad1606b_2018-08-02-08-34-47_40,419,838,41.899,ACCELERATING,STRAIGHT
C2K19_b0c9d2329ad1606b_2018-08-02-08-34-47_40,420,840,41.999,ACCELERATING,STRAIGHT
C2K19_b0c9d2329ad1606b_2018-08-02-08-34-47_40,421,842,42.099,CONSTANT,STRAIGHT
C2K19_b0c9d2329ad1606b_2018-08-02-08-34-47_40,422,844,42.199,ACCELERATING,STRAIGHT
C2K19_b0c9d2329ad1606b_2018-08-02-08-34-47_40,423,846,42.299,CONSTANT,STRAIGHT
C2K19_b0c9d2329ad1606b_2018-08-02-08-34-47_40,424,848,42.399,ACCELERATING,STRAIGHT
C2K19_b0c9d2329ad1606b_2018-08-02-08-34-47_40,425,850,42.499,ACCELERATING,STRAIGHT
C2K19_b0c9d2329ad1606b_2018-08-02-08-34-47_40,426,852,42.599,ACCELERATING,STRAIGHT
C2K19_b0c9d2329ad1606b_2018-08-02-08-34-47_40,427,854,42.699,CONSTANT,STRAIGHT
C2K19_b0c9d2329ad1606b_2018-08-02-08-34-47_40,428,856,42.799,CONSTANT,STRAIGHT
C2K19_b0c9d2329ad1606b_2018-08-02-08-34-47_40,429,858,42.899,CONSTANT,STRAIGHT
C2K19_b0c9d2329ad1606b_2018-08-02-08-34-47_40,430,860,42.999,CONSTANT,STRAIGHT
C2K19_b0c9d2329ad1606b_2018-08-02-08-34-47_40,431,862,43.099,ACCELERATING,STRAIGHT
C2K19_b0c9d2329ad1606b_2018-08-02-08-34-47_40,432,864,43.199,DECELERATING,STRAIGHT
C2K19_b0c9d2329ad1606b_2018-08-02-08-34-47_40,433,866,43.299,CONSTANT,STRAIGHT
C2K19_b0c9d2329ad1606b_2018-08-02-08-34-47_40,434,868,43.399,DECELERATING,STRAIGHT
C2K19_b0c9d2329ad1606b_2018-08-02-08-34-47_40,435,870,43.499,CONSTANT,STRAIGHT
C2K19_b0c9d2329ad1606b_2018-08-02-08-34-47_40,436,872,43.599,CONSTANT,STRAIGHT
C2K19_b0c9d2329ad1606b_2018-08-02-08-34-47_40,437,874,43.699,ACCELERATING,STRAIGHT
C2K19_b0c9d2329ad1606b_2018-08-02-08-34-47_40,438,876,43.799,DECELERATING,STRAIGHT
C2K19_b0c9d2329ad1606b_2018-08-02-08-34-47_40,439,878,43.899,ACCELERATING,STRAIGHT
C2K19_b0c9d2329ad1606b_2018-08-02-08-34-47_40,440,880,43.999,CONSTANT,STRAIGHT
C2K19_b0c9d2329ad1606b_2018-08-02-08-34-47_40,441,882,44.099,CONSTANT,STRAIGHT
C2K19_b0c9d2329ad1606b_2018-08-02-08-34-47_40,442,884,44.199,ACCELERATING,STRAIGHT
C2K19_b0c9d2329ad1606b_2018-08-02-08-34-47_40,443,886,44.299,CONSTANT,STRAIGHT
C2K19_b0c9d2329ad1606b_2018-08-02-08-34-47_40,444,888,44.399,CONSTANT,STRAIGHT
C2K19_b0c9d2329ad1606b_2018-08-02-08-34-47_40,445,890,44.499,CONSTANT,STRAIGHT
C2K19_b0c9d2329ad1606b_2018-08-02-08-34-47_40,446,892,44.599,CONSTANT,STRAIGHT
C2K19_b0c9d2329ad1606b_2018-08-02-08-34-47_40,447,894,44.699,CONSTANT,STRAIGHT
C2K19_b0c9d2329ad1606b_2018-08-02-08-34-47_40,448,896,44.799,CONSTANT,STRAIGHT
C2K19_b0c9d2329ad1606b_2018-08-02-08-34-47_40,449,898,44.899,CONSTANT,STRAIGHT
C2K19_b0c9d2329ad1606b_2018-08-02-08-34-47_40,450,900,44.999,CONSTANT,STRAIGHT
C2K19_b0c9d2329ad1606b_2018-08-02-08-34-47_40,451,902,45.099,CONSTANT,STRAIGHT
C2K19_b0c9d2329ad1606b_2018-08-02-08-34-47_40,452,904,45.199,CONSTANT,STRAIGHT
C2K19_b0c9d2329ad1606b_2018-08-02-08-34-47_40,453,906,45.299,CONSTANT,STRAIGHT
C2K19_b0c9d2329ad1606b_2018-08-02-08-34-47_40,454,908,45.399,CONSTANT,STRAIGHT
C2K19_b0c9d2329ad1606b_2018-08-02-08-34-47_40,455,910,45.499,CONSTANT,STRAIGHT
C2K19_b0c9d2329ad1606b_2018-08-02-08-34-47_40,456,912,45.599,CONSTANT,STRAIGHT
C2K19_b0c9d2329ad1606b_2018-08-02-08-34-47_40,457,914,45.699,ACCELERATING,STRAIGHT
C2K19_b0c9d2329ad1606b_2018-08-02-08-34-47_40,458,916,45.799,CONSTANT,STRAIGHT
C2K19_b0c9d2329ad1606b_2018-08-02-08-34-47_40,459,918,45.899,CONSTANT,STRAIGHT
C2K19_b0c9d2329ad1606b_2018-08-02-08-34-47_40,460,920,45.999,CONSTANT,STRAIGHT
C2K19_b0c9d2329ad1606b_2018-08-02-08-34-47_40,461,922,46.099,CONSTANT,STRAIGHT
C2K19_b0c9d2329ad1606b_2018-08-02-08-34-47_40,462,924,46.199,CONSTANT,STRAIGHT
C2K19_b0c9d2329ad1606b_2018-08-02-08-34-47_40,463,926,46.299,CONSTANT,STRAIGHT
C2K19_b0c9d2329ad1606b_2018-08-02-08-34-47_40,464,928,46.399,CONSTANT,STRAIGHT
C2K19_b0c9d2329ad1606b_2018-08-02-08-34-47_40,465,930,46.499,CONSTANT,STRAIGHT
C2K19_b0c9d2329ad1606b_2018-08-02-08-34-47_40,466,932,46.599,CONSTANT,STRAIGHT
C2K19_b0c9d2329ad1606b_2018-08-02-08-34-47_40,467,934,46.699,CONSTANT,STRAIGHT
C2K19_b0c9d2329ad1606b_2018-08-02-08-34-47_40,468,936,46.799,CONSTANT,STRAIGHT
C2K19_b0c9d2329ad1606b_2018-08-02-08-34-47_40,469,938,46.899,CONSTANT,STRAIGHT
C2K19_b0c9d2329ad1606b_2018-08-02-08-34-47_40,470,940,46.999,CONSTANT,STRAIGHT
C2K19_b0c9d2329ad1606b_2018-08-02-08-34-47_40,471,942,47.099,CONSTANT,STRAIGHT
C2K19_b0c9d2329ad1606b_2018-08-02-08-34-47_40,472,944,47.199,CONSTANT,STRAIGHT
C2K19_b0c9d2329ad1606b_2018-08-02-08-34-47_40,473,946,47.299,CONSTANT,STRAIGHT
C2K19_b0c9d2329ad1606b_2018-08-02-08-34-47_40,474,948,47.399,CONSTANT,STRAIGHT
C2K19_b0c9d2329ad1606b_2018-08-02-08-34-47_40,475,950,47.499,CONSTANT,STRAIGHT
C2K19_b0c9d2329ad1606b_2018-08-02-08-34-47_40,476,952,47.599,CONSTANT,STRAIGHT
C2K19_b0c9d2329ad1606b_2018-08-02-08-34-47_40,477,954,47.699,CONSTANT,STRAIGHT
C2K19_b0c9d2329ad1606b_2018-08-02-08-34-47_40,478,956,47.799,ACCELERATING,STRAIGHT
C2K19_b0c9d2329ad1606b_2018-08-02-08-34-47_40,479,958,47.899,CONSTANT,STRAIGHT
C2K19_b0c9d2329ad1606b_2018-08-02-08-34-47_40,480,960,47.999,CONSTANT,STRAIGHT
C2K19_b0c9d2329ad1606b_2018-08-02-08-34-47_40,481,962,48.099,CONSTANT,STRAIGHT
C2K19_b0c9d2329ad1606b_2018-08-02-08-34-47_40,482,964,48.199,CONSTANT,STRAIGHT
C2K19_b0c9d2329ad1606b_2018-08-02-08-34-47_40,483,966,48.299,CONSTANT,STRAIGHT
C2K19_b0c9d2329ad1606b_2018-08-02-08-34-47_40,484,968,48.399,CONSTANT,STRAIGHT
C2K19_b0c9d2329ad1606b_2018-08-02-08-34-47_40,485,970,48.499,CONSTANT,STRAIGHT
C2K19_b0c9d2329ad1606b_2018-08-02-08-34-47_40,486,972,48.599,CONSTANT,STRAIGHT
C2K19_b0c9d2329ad1606b_2018-08-02-08-34-47_40,487,974,48.699,ACCELERATING,STRAIGHT
C2K19_b0c9d2329ad1606b_2018-08-02-08-34-47_40,488,976,48.799,CONSTANT,STRAIGHT
C2K19_b0c9d2329ad1606b_2018-08-02-08-34-47_40,489,978,48.899,CONSTANT,STRAIGHT
C2K19_b0c9d2329ad1606b_2018-08-02-08-34-47_40,490,980,48.999,CONSTANT,STRAIGHT
C2K19_b0c9d2329ad1606b_2018-08-02-08-34-47_40,491,982,49.099,CONSTANT,STRAIGHT
C2K19_b0c9d2329ad1606b_2018-08-02-08-34-47_40,492,984,49.199,CONSTANT,STRAIGHT
C2K19_b0c9d2329ad1606b_2018-08-02-08-34-47_40,493,986,49.299,CONSTANT,STRAIGHT
C2K19_b0c9d2329ad1606b_2018-08-02-08-34-47_40,494,988,49.399,CONSTANT,STRAIGHT
C2K19_b0c9d2329ad1606b_2018-08-02-08-34-47_40,495,990,49.499,CONSTANT,STRAIGHT
C2K19_b0c9d2329ad1606b_2018-08-02-08-34-47_40,496,992,49.599,CONSTANT,STRAIGHT
C2K19_b0c9d2329ad1606b_2018-08-02-08-34-47_40,497,994,49.699,CONSTANT,STRAIGHT
C2K19_b0c9d2329ad1606b_2018-08-02-08-34-47_40,498,996,49.799,CONSTANT,STRAIGHT
C2K19_b0c9d2329ad1606b_2018-08-02-08-34-47_40,499,998,49.899,CONSTANT,STRAIGHT
C2K19_b0c9d2329ad1606b_2018-08-02-08-34-47_40,500,1000,49.999,CONSTANT,STRAIGHT
C2K19_b0c9d2329ad1606b_2018-08-02-08-34-47_40,501,1002,50.099,CONSTANT,STRAIGHT
C2K19_b0c9d2329ad1606b_2018-08-02-08-34-47_40,502,1004,50.199,CONSTANT,STRAIGHT
C2K19_b0c9d2329ad1606b_2018-08-02-08-34-47_40,503,1006,50.299,CONSTANT,STRAIGHT
C2K19_b0c9d2329ad1606b_2018-08-02-08-34-47_40,504,1008,50.399,CONSTANT,STRAIGHT
C2K19_b0c9d2329ad1606b_2018-08-02-08-34-47_40,505,1010,50.499,CONSTANT,STRAIGHT
C2K19_b0c9d2329ad1606b_2018-08-02-08-34-47_40,506,1012,50.599,DECELERATING,STRAIGHT
C2K19_b0c9d2329ad1606b_2018-08-02-08-34-47_40,507,1014,50.699,CONSTANT,STRAIGHT
C2K19_b0c9d2329ad1606b_2018-08-02-08-34-47_40,508,1016,50.799,CONSTANT,STRAIGHT
C2K19_b0c9d2329ad1606b_2018-08-02-08-34-47_40,509,1018,50.899,CONSTANT,STRAIGHT
C2K19_b0c9d2329ad1606b_2018-08-02-08-34-47_40,510,1020,50.999,CONSTANT,STRAIGHT
C2K19_b0c9d2329ad1606b_2018-08-02-08-34-47_40,511,1022,51.099,CONSTANT,STRAIGHT
C2K19_b0c9d2329ad1606b_2018-08-02-08-34-47_40,512,1024,51.199,CONSTANT,STRAIGHT
C2K19_b0c9d2329ad1606b_2018-08-02-08-34-47_40,513,1026,51.299,CONSTANT,STRAIGHT
C2K19_b0c9d2329ad1606b_2018-08-02-08-34-47_40,514,1028,51.399,DECELERATING,STRAIGHT
C2K19_b0c9d2329ad1606b_2018-08-02-08-34-47_40,515,1030,51.499,CONSTANT,STRAIGHT
C2K19_b0c9d2329ad1606b_2018-08-02-08-34-47_40,516,1032,51.599,CONSTANT,STRAIGHT
C2K19_b0c9d2329ad1606b_2018-08-02-08-34-47_40,517,1034,51.699,DECELERATING,STRAIGHT
C2K19_b0c9d2329ad1606b_2018-08-02-08-34-47_40,518,1036,51.799,CONSTANT,STRAIGHT
C2K19_b0c9d2329ad1606b_2018-08-02-08-34-47_40,519,1038,51.899,DECELERATING,STRAIGHT
C2K19_b0c9d2329ad1606b_2018-08-02-08-34-47_40,520,1040,51.999,CONSTANT,STRAIGHT
C2K19_b0c9d2329ad1606b_2018-08-02-08-34-47_40,521,1042,52.099,CONSTANT,STRAIGHT
C2K19_b0c9d2329ad1606b_2018-08-02-08-34-47_40,522,1044,52.199,DECELERATING,STRAIGHT
C2K19_b0c9d2329ad1606b_2018-08-02-08-34-47_40,523,1046,52.299,CONSTANT,STRAIGHT
C2K19_b0c9d2329ad1606b_2018-08-02-08-34-47_40,524,1048,52.399,CONSTANT,STRAIGHT
C2K19_b0c9d2329ad1606b_2018-08-02-08-34-47_40,525,1050,52.499,DECELERATING,STRAIGHT
C2K19_b0c9d2329ad1606b_2018-08-02-08-34-47_40,526,1052,52.599,CONSTANT,STRAIGHT
C2K19_b0c9d2329ad1606b_2018-08-02-08-34-47_40,527,1054,52.699,CONSTANT,STRAIGHT
C2K19_b0c9d2329ad1606b_2018-08-02-08-34-47_40,528,1056,52.799,CONSTANT,STRAIGHT
C2K19_b0c9d2329ad1606b_2018-08-02-08-34-47_40,529,1058,52.899,CONSTANT,STRAIGHT
C2K19_b0c9d2329ad1606b_2018-08-02-08-34-47_40,530,1060,52.999,DECELERATING,STRAIGHT
C2K19_b0c9d2329ad1606b_2018-08-02-08-34-47_40,531,1062,53.099,CONSTANT,STRAIGHT
C2K19_b0c9d2329ad1606b_2018-08-02-08-34-47_40,532,1064,53.199,CONSTANT,STRAIGHT
C2K19_b0c9d2329ad1606b_2018-08-02-08-34-47_40,533,1066,53.299,DECELERATING,STRAIGHT
C2K19_b0c9d2329ad1606b_2018-08-02-08-34-47_40,534,1068,53.399,CONSTANT,STRAIGHT
C2K19_b0c9d2329ad1606b_2018-08-02-08-34-47_40,535,1070,53.499,DECELERATING,STRAIGHT
C2K19_b0c9d2329ad1606b_2018-08-02-08-34-47_40,536,1072,53.599,DECELERATING,STRAIGHT
C2K19_b0c9d2329ad1606b_2018-08-02-08-34-47_40,537,1074,53.699,CONSTANT,STRAIGHT
C2K19_b0c9d2329ad1606b_2018-08-02-08-34-47_40,538,1076,53.799,CONSTANT,STRAIGHT
C2K19_b0c9d2329ad1606b_2018-08-02-08-34-47_40,539,1078,53.899,CONSTANT,STRAIGHT
C2K19_b0c9d2329ad1606b_2018-08-02-08-34-47_40,540,1080,53.999,CONSTANT,STRAIGHT
C2K19_b0c9d2329ad1606b_2018-08-02-08-34-47_40,541,1082,54.099,CONSTANT,STRAIGHT
C2K19_b0c9d2329ad1606b_2018-08-02-08-34-47_40,542,1084,54.199,CONSTANT,STRAIGHT
C2K19_b0c9d2329ad1606b_2018-08-02-08-34-47_40,543,1086,54.299,CONSTANT,STRAIGHT
C2K19_b0c9d2329ad1606b_2018-08-02-08-34-47_40,544,1088,54.399,CONSTANT,STRAIGHT
C2K19_b0c9d2329ad1606b_2018-08-02-08-34-47_40,545,1090,54.499,CONSTANT,STRAIGHT
C2K19_b0c9d2329ad1606b_2018-08-02-08-34-47_40,546,1092,54.599,CONSTANT,STRAIGHT
C2K19_b0c9d2329ad1606b_2018-08-02-08-34-47_40,547,1094,54.699,CONSTANT,STRAIGHT
C2K19_b0c9d2329ad1606b_2018-08-02-08-34-47_40,548,1096,54.799,CONSTANT,STRAIGHT
C2K19_b0c9d2329ad1606b_2018-08-02-08-34-47_40,549,1098,54.899,CONSTANT,STRAIGHT
C2K19_b0c9d2329ad1606b_2018-08-02-08-34-47_40,550,1100,54.999,CONSTANT,STRAIGHT
C2K19_b0c9d2329ad1606b_2018-08-02-08-34-47_40,551,1102,55.099,CONSTANT,STRAIGHT
C2K19_b0c9d2329ad1606b_2018-08-02-08-34-47_40,552,1104,55.199,CONSTANT,STRAIGHT
C2K19_b0c9d2329ad1606b_2018-08-02-08-34-47_40,553,1106,55.299,CONSTANT,STRAIGHT
C2K19_b0c9d2329ad1606b_2018-08-02-08-34-47_40,554,1108,55.399,CONSTANT,STRAIGHT
C2K19_b0c9d2329ad1606b_2018-08-02-08-34-47_40,555,1110,55.499,CONSTANT,STRAIGHT
C2K19_b0c9d2329ad1606b_2018-08-02-08-34-47_40,556,1112,55.599,CONSTANT,RIGHT
C2K19_b0c9d2329ad1606b_2018-08-02-08-34-47_40,557,1114,55.699,CONSTANT,RIGHT
C2K19_b0c9d2329ad1606b_2018-08-02-08-34-47_40,558,1116,55.799,DECELERATING,RIGHT
C2K19_b0c9d2329ad1606b_2018-08-02-08-34-47_40,559,1118,55.899,CONSTANT,RIGHT
C2K19_b0c9d2329ad1606b_2018-08-02-08-34-47_40,560,1120,55.999,DECELERATING,RIGHT
C2K19_b0c9d2329ad1606b_2018-08-02-08-34-47_40,561,1122,56.099,DECELERATING,RIGHT
C2K19_b0c9d2329ad1606b_2018-08-02-08-34-47_40,562,1124,56.199,DECELERATING,RIGHT
C2K19_b0c9d2329ad1606b_2018-08-02-08-34-47_40,563,1126,56.299,DECELERATING,RIGHT
C2K19_b0c9d2329ad1606b_2018-08-02-08-34-47_40,564,1128,56.399,DECELERATING,RIGHT
C2K19_b0c9d2329ad1606b_2018-08-02-08-34-47_40,565,1130,56.499,DECELERATING,RIGHT
C2K19_b0c9d2329ad1606b_2018-08-02-08-34-47_40,566,1132,56.599,DECELERATING,RIGHT
C2K19_b0c9d2329ad1606b_2018-08-02-08-34-47_40,567,1134,56.699,DECELERATING,RIGHT
C2K19_b0c9d2329ad1606b_2018-08-02-08-34-47_40,568,1136,56.799,DECELERATING,RIGHT
C2K19_b0c9d2329ad1606b_2018-08-02-08-34-47_40,569,1138,56.899,DECELERATING,STRAIGHT
C2K19_b0c9d2329ad1606b_2018-08-02-08-34-47_40,570,1140,56.999,DECELERATING,STRAIGHT
C2K19_b0c9d2329ad1606b_2018-08-02-08-34-47_40,571,1142,57.099,DECELERATING,STRAIGHT
C2K19_b0c9d2329ad1606b_2018-08-02-08-34-47_40,572,1144,57.199,DECELERATING,STRAIGHT
C2K19_b0c9d2329ad1606b_2018-08-02-08-34-47_40,573,1146,57.299,DECELERATING,STRAIGHT
C2K19_b0c9d2329ad1606b_2018-08-02-08-34-47_40,574,1148,57.399,DECELERATING,STRAIGHT
C2K19_b0c9d2329ad1606b_2018-08-02-08-34-47_40,575,1150,57.499,DECELERATING,STRAIGHT
C2K19_b0c9d2329ad1606b_2018-08-02-08-34-47_40,576,1152,57.599,DECELERATING,STRAIGHT
C2K19_b0c9d2329ad1606b_2018-08-02-08-34-47_40,577,1154,57.699,DECELERATING,STRAIGHT
C2K19_b0c9d2329ad1606b_2018-08-02-08-34-47_40,578,1156,57.799,DECELERATING,STRAIGHT
C2K19_b0c9d2329ad1606b_2018-08-02-08-34-47_40,579,1158,57.899,DECELERATING,STRAIGHT
C2K19_b0c9d2329ad1606b_2018-08-02-08-34-47_40,580,1160,57.999,DECELERATING,STRAIGHT
C2K19_b0c9d2329ad1606b_2018-08-02-08-34-47_40,581,1162,58.099,DECELERATING,STRAIGHT
C2K19_b0c9d2329ad1606b_2018-08-02-08-34-47_40,582,1164,58.199,DECELERATING,STRAIGHT
C2K19_b0c9d2329ad1606b_2018-08-02-08-34-47_40,583,1166,58.299,DECELERATING,STRAIGHT
C2K19_b0c9d2329ad1606b_2018-08-02-08-34-47_40,584,1168,58.399,DECELERATING,STRAIGHT
C2K19_b0c9d2329ad1606b_2018-08-02-08-34-47_40,585,1170,58.499,DECELERATING,STRAIGHT
C2K19_b0c9d2329ad1606b_2018-08-02-08-34-47_40,586,1172,58.599,DECELERATING,STRAIGHT
C2K19_b0c9d2329ad1606b_2018-08-02-08-34-47_40,587,1174,58.699,DECELERATING,STRAIGHT
C2K19_b0c9d2329ad1606b_2018-08-02-08-34-47_40,588,1176,58.799,DECELERATING,STRAIGHT
C2K19_b0c9d2329ad1606b_2018-08-02-08-34-47_40,589,1178,58.899,DECELERATING,STRAIGHT
C2K19_b0c9d2329ad1606b_2018-08-02-08-34-47_40,590,1180,58.999,DECELERATING,STRAIGHT
C2K19_b0c9d2329ad1606b_2018-08-02-08-34-47_40,591,1182,59.099,DECELERATING,STRAIGHT
C2K19_b0c9d2329ad1606b_2018-08-02-08-34-47_40,592,1184,59.199,DECELERATING,STRAIGHT
C2K19_b0c9d2329ad1606b_2018-08-02-08-34-47_40,593,1186,59.299,DECELERATING,STRAIGHT
C2K19_b0c9d2329ad1606b_2018-08-02-08-34-47_40,594,1188,59.399,DECELERATING,STRAIGHT
C2K19_b0c9d2329ad1606b_2018-08-02-08-34-47_40,595,1190,59.499,DECELERATING,RIGHT
C2K19_b0c9d2329ad1606b_2018-08-02-08-34-47_40,596,1192,59.599,DECELERATING,RIGHT
C2K19_b0c9d2329ad1606b_2018-08-02-08-34-47_40,597,1194,59.699,DECELERATING,RIGHT
C2K19_b0c9d2329ad1606b_2018-08-02-08-34-47_40,598,1196,59.799,DECELERATING,RIGHT
C2K19_b0c9d2329ad1606b_2018-08-02-08-34-47_40,599,1198,59.899,DECELERATING,RIGHT
