video_id,frame_count,first_crash_frame_index,crash_frame_count,timing,weather,egoinvolve,source_startframe,youtube_id,total_bytes
000001,50,32,18,Day,Normal,Yes,000285,0000,4708519
000002,50,30,20,Day,Normal,Yes,000646,0000,3512423
000003,50,31,19,Day,Normal,Yes,000972,0000,4822788
000004,50,41,9,Day,Normal,Yes,001257,0000,4729835
000005,50,30,20,Day,Snowy,Yes,000462,0010,4149880
000006,50,45,5,Day,Snowy,Yes,000558,0010,3645906
000007,50,31,19,Day,Snowy,No,000290,0012,5205606
000008,50,38,12,Day,Normal,Yes,000394,0012,4661574
000009,50,35,15,Day,Normal,Yes,000897,0012,3419616
000010,50,31,19,Night,Rainy,Yes,001083,0012,3459947
000011,50,43,7,Day,Normal,Yes,001166,0012,4995473
000012,50,30,20,Day,Rainy,Yes,001325,0012,5626473
000013,50,45,5,Day,Normal,Yes,000498,0017,4248823
000014,50,44,6,Day,Normal,Yes,000975,0017,4510167
000015,50,49,1,Day,Normal,Yes,001428,0017,5049794
000016,50,42,8,Day,Rainy,Yes,002090,0017,3629012
000017,50,47,3,Day,Snowy,Yes,000077,0020,5056090
000018,50,40,10,Day,Normal,Yes,000215,0020,7318977
000019,50,42,8,Day,Snowy,Yes,000319,0020,5871310
000020,50,39,11,Day,Snowy,Yes,000864,0020,5042540
000021,50,31,19,Day,Snowy,No,001078,0020,6590167
000022,50,44,6,Day,Normal,Yes,001221,0020,5055509
000023,50,38,12,Day,Normal,Yes,001936,0020,6298002
000024,50,32,18,Day,Snowy,Yes,003009,0020,3763200
000025,50,33,17,Day,Snowy,Yes,000108,0021,3673314
000026,50,36,14,Day,Normal,Yes,000202,0021,6360938
000027,50,35,15,Night,Normal,Yes,000398,0021,4088797
000028,50,37,13,Day,Snowy,Yes,000802,0021,5179992
000029,50,35,15,Day,Snowy,Yes,000009,0022,4790052
000030,50,34,16,Day,Normal,Yes,000007,0023,6087000
000031,50,32,18,Day,Snowy,Yes,001307,0023,9677170
000032,50,36,14,Night,Normal,No,001374,0023,7237848
000033,50,33,17,Day,Normal,No,001442,0023,5039599
000034,50,41,9,Night,Snowy,Yes,001518,0023,4628599
000035,50,48,2,Night,Normal,Yes,001721,0023,2780666
000036,50,46,4,Day,Normal,Yes,001811,0023,5694569
000037,50,34,16,Day,Snowy,Yes,002588,0023,7210953
000038,50,46,4,Day,Snowy,Yes,000014,0024,10634311
000039,50,30,20,Day,Snowy,Yes,000127,0024,8390709
000040,50,31,19,Night,Normal,Yes,000367,0024,4937770
000041,50,46,4,Night,Normal,Yes,001602,0024,5114044
000042,50,35,15,Day,Snowy,Yes,002220,0024,5232891
000043,50,36,14,Day,Normal,Yes,002333,0024,5807400
000044,50,34,16,Day,Normal,Yes,003021,0024,2781026
000045,50,43,7,Day,Rainy,Yes,000656,0025,4567564
000046,50,38,12,Night,Snowy,Yes,000985,0025,5288347
000047,50,46,4,Day,Normal,Yes,001311,0025,6013932
000048,50,44,6,Day,Snowy,Yes,001548,0025,10709869
000049,50,33,17,Night,Normal,Yes,000177,0026,3479300
000050,50,38,12,Night,Rainy,Yes,000345,0026,6327844
000051,50,44,6,Night,Normal,No,000490,0026,6878585
000052,50,44,6,Night,Snowy,Yes,000831,0026,5649073
000053,50,33,17,Day,Snowy,Yes,001065,0026,5476981
000054,50,37,13,Day,Snowy,No,001273,0026,3534465
000055,50,36,14,Day,Normal,No,001776,0026,5503925
000056,50,39,11,Day,Snowy,Yes,002091,0026,4761115
000057,50,36,14,Day,Snowy,No,002182,0026,7165282
000058,50,34,16,Day,Normal,No,000201,0027,5157294
000059,50,32,18,Day,Snowy,Yes,000454,0027,5516012
000060,50,31,19,Day,Normal,Yes,000551,0027,5270249
000061,50,30,20,Day,Snowy,Yes,000659,0027,6982570
000062,50,43,7,Day,Normal,Yes,001036,0027,6623460
000063,50,35,15,Day,Snowy,No,001113,0027,3931689
000064,50,39,11,Day,Snowy,Yes,001493,0027,6938053
000065,50,39,11,Day,Snowy,Yes,001598,0027,4571034
000066,50,30,20,Day,Normal,Yes,001766,0027,7414918
000067,50,34,16,Day,Normal,No,001868,0027,6392855
000068,50,38,12,Day,Snowy,Yes,002070,0027,3938833
000069,50,43,7,Night,Normal,Yes,002154,0027,3648966
000070,50,40,10,Day,Normal,Yes,002238,0027,6261086
000071,50,40,10,Day,Snowy,No,002350,0027,3431795
000072,50,34,16,Day,Normal,No,002778,0027,6132443
000073,50,30,20,Day,Normal,No,002868,0027,8493935
000074,50,30,20,Day,Snowy,No,002920,0027,7009686
000075,50,30,20,Day,Snowy,No,002999,0027,6120563
000076,50,30,20,Day,Normal,Yes,003156,0027,2156681
000077,50,44,6,Day,Rainy,No,000002,0028,6710441
000078,50,30,20,Day,Snowy,No,000125,0028,5344444
000079,50,39,11,Day,Snowy,No,000195,0028,6252977
000080,50,30,20,Day,Normal,Yes,000313,0028,5450049
000081,50,30,20,Day,Normal,Yes,000866,0028,2677766
000082,50,36,14,Night,Normal,Yes,001021,0028,8104975
000083,50,35,15,Day,Normal,Yes,001519,0028,8404626
000084,50,42,8,Day,Snowy,Yes,001690,0028,3625908
000085,50,30,20,Day,Normal,Yes,001964,0028,5326574
000086,50,30,20,Night,Snowy,No,002072,0028,3043175
000087,50,42,8,Day,Snowy,Yes,002195,0028,7678661
000088,50,39,11,Day,Snowy,Yes,002493,0028,5543673
000089,50,33,17,Day,Snowy,No,002739,0028,6014425
000090,50,31,19,Day,Snowy,No,003044,0028,6646021
000091,50,42,8,Night,Normal,Yes,003233,0028,4375944
000092,50,31,19,Night,Normal,Yes,000087,0029,2149830
000093,50,32,18,Day,Snowy,Yes,000147,0029,3541131
000094,50,30,20,Day,Snowy,Yes,000231,0029,4091315
000095,50,34,16,Night,Normal,No,000304,0029,4650975
000096,50,33,17,Day,Normal,Yes,000491,0029,5435914
000097,50,36,14,Day,Normal,No,000696,0029,5039352
000098,50,41,9,Day,Normal,Yes,000791,0029,4695165
000099,50,34,16,Day,Normal,Yes,001115,0029,3352528
000100,50,33,17,Day,Normal,No,001216,0029,3829897
000101,50,48,2,Day,Normal,Yes,001319,0029,4002760
000102,50,37,13,Day,Rainy,Yes,001602,0029,3447557
000103,50,30,20,Day,Snowy,Yes,001848,0029,2928098
000104,50,33,17,Night,Normal,Yes,002361,0029,2779848
000105,50,31,19,Day,Snowy,Yes,002500,0029,2841285
000106,50,38,12,Day,Snowy,Yes,002964,0029,4660392
000107,50,44,6,Day,Normal,Yes,003098,0029,3042365
000108,50,36,14,Day,Normal,Yes,000290,0030,4166177
000109,50,30,20,Day,Normal,Yes,000358,0030,6459821
000110,50,34,16,Day,Normal,No,000472,0030,9975504
000111,50,34,16,Day,Snowy,No,000635,0030,4055975
000112,50,43,7,Day,Snowy,Yes,000796,0030,4330270
000113,50,30,20,Day,Snowy,No,001007,0030,3524962
000114,50,45,5,Day,Snowy,No,001147,0030,4569380
000115,50,33,17,Day,Rainy,Yes,001282,0030,6753915
000116,50,35,15,Day,Snowy,Yes,001567,0030,4063771
000117,50,30,20,Day,Normal,Yes,001930,0030,5969893
000118,50,46,4,Day,Normal,No,002054,0030,5712574
000119,50,36,14,Day,Snowy,No,002184,0030,5351334
000120,50,43,7,Day,Normal,No,002431,0030,6976202
000121,50,33,17,Day,Rainy,Yes,002539,0030,6020810
000122,50,30,20,Day,Rainy,No,002669,0030,5547707
000123,50,35,15,Day,Normal,No,002782,0030,5303301
000124,50,35,15,Day,Snowy,No,002891,0030,3864196
000125,50,35,15,Day,Rainy,No,003044,0030,7756950
000126,50,30,20,Night,Normal,Yes,003181,0030,2439688
000127,50,30,20,Day,Rainy,Yes,003336,0030,7943342
000128,50,31,19,Night,Normal,Yes,003746,0030,3499429
000129,50,40,10,Day,Normal,Yes,000007,0031,4338714
000130,50,32,18,Day,Normal,Yes,000115,0031,5777056
000131,50,31,19,Day,Snowy,Yes,000605,0031,5775267
000132,50,30,20,Day,Snowy,Yes,001067,0031,7599955
000133,50,36,14,Day,Snowy,Yes,001472,0031,8684878
000134,50,32,18,Day,Rainy,Yes,001595,0031,5153801
000135,50,31,19,Day,Snowy,No,001728,0031,6532662
000136,50,35,15,Day,Snowy,Yes,001842,0031,6191339
000137,50,37,13,Day,Normal,No,001939,0031,6403521
000138,50,39,11,Day,Normal,No,002162,0031,3300877
000139,50,30,20,Night,Rainy,Yes,002254,0031,2970253
000140,50,32,18,Day,Snowy,Yes,002393,0031,4859094
000141,50,46,4,Day,Normal,Yes,003020,0031,4232599
000142,50,30,20,Day,Normal,Yes,003456,0031,8145187
000143,50,39,11,Day,Snowy,Yes,003577,0031,3113455
000144,50,34,16,Day,Normal,No,000857,0032,4841528
000145,50,30,20,Night,Normal,Yes,000973,0032,5473813
000146,50,47,3,Day,Normal,No,001098,0032,5988592
000147,50,48,2,Day,Snowy,No,001231,0032,3149362
000148,50,32,18,Day,Rainy,No,001391,0032,5301825
000149,50,39,11,Day,Normal,No,001681,0032,3966674
000150,50,40,10,Day,Normal,Yes,002265,0032,5389101
000151,50,36,14,Day,Normal,No,002411,0032,6606658
000152,50,32,18,Day,Normal,Yes,002748,0032,8142772
000153,50,31,19,Day,Normal,No,003209,0032,5991866
000154,50,38,12,Day,Normal,Yes,003705,0032,6850131
000155,50,40,10,Day,Snowy,Yes,004055,0032,4619152
000156,50,33,17,Day,Normal,Yes,000067,0033,6801989
000157,50,43,7,Day,Normal,No,000356,0033,6681747
000158,50,41,9,Day,Normal,No,000550,0033,9926360
000159,50,32,18,Day,Normal,No,001454,0033,7615946
000160,50,39,11,Day,Normal,Yes,001636,0033,6951945
000161,50,32,18,Day,Normal,No,001952,0033,9668915
000162,50,39,11,Day,Normal,Yes,002614,0033,5078992
000163,50,34,16,Day,Normal,Yes,002956,0033,5581597
000164,50,43,7,Day,Normal,Yes,003092,0033,4152446
000165,50,46,4,Day,Normal,No,003215,0033,6431800
000166,50,30,20,Day,Normal,No,000013,0034,6430177
000167,50,30,20,Day,Normal,No,000118,0034,4278874
000168,50,30,20,Day,Normal,No,000389,0034,7108481
000169,50,30,20,Day,Rainy,Yes,001172,0034,2624787
000170,50,30,20,Day,Normal,No,002032,0034,5788213
000171,50,30,20,Day,Normal,Yes,003177,0034,5807661
000172,50,30,20,Day,Normal,No,003966,0034,3992672
000173,50,30,20,Day,Normal,Yes,004241,0034,6039168
000174,50,30,20,Day,Normal,Yes,000568,0035,3765509
000175,50,30,20,Day,Normal,Yes,000775,0035,4134720
000176,50,30,20,Day,Normal,Yes,001313,0035,7850467
000177,50,30,20,Day,Normal,Yes,001831,0035,7444007
000178,50,30,20,Day,Normal,Yes,001912,0035,4883464
000179,50,30,20,Day,Normal,No,002323,0035,5478668
000180,50,30,20,Day,Rainy,Yes,003266,0035,5089188
000181,50,30,20,Day,Normal,No,001010,0036,5479052
000182,50,30,20,Day,Normal,No,001417,0036,7307545
000183,50,30,20,Day,Normal,No,003503,0036,5933441
000184,50,30,20,Day,Normal,No,003621,0036,7150411
000185,50,30,20,Day,Normal,No,003781,0036,4797616
000186,50,30,20,Day,Normal,Yes,004263,0036,4993097
000187,50,30,20,Day,Normal,No,002748,0037,4990002
000188,50,30,20,Day,Rainy,No,003687,0037,7277251
000189,50,30,20,Day,Normal,Yes,003992,0037,7323349
000190,50,30,20,Day,Normal,No,000050,0038,7131692
000191,50,30,20,Day,Normal,No,000474,0038,4691982
000192,50,30,20,Day,Normal,Yes,002056,0038,7696628
000193,50,30,20,Day,Normal,No,002803,0038,7928768
000194,50,30,20,Day,Normal,No,003328,0038,6408273
000195,50,30,20,Day,Normal,Yes,003509,0038,4998801
000196,50,30,20,Day,Normal,Yes,000231,0039,5626986
000197,50,30,20,Day,Normal,No,000772,0039,5731831
000198,50,30,20,Day,Normal,Yes,001007,0039,7585037
000199,50,30,20,Day,Normal,Yes,001205,0039,5607982
000200,50,30,20,Day,Normal,Yes,001619,0039,6676808
000201,50,30,20,Day,Rainy,Yes,001761,0039,4827026
000202,50,30,20,Day,Normal,No,002098,0039,9017795
000203,50,30,20,Day,Normal,Yes,003274,0039,3354836
000204,50,30,20,Night,Normal,Yes,003675,0039,4744993
000205,50,30,20,Day,Normal,Yes,003880,0039,8853155
000206,50,30,20,Day,Normal,No,000358,0040,5848194
000207,50,30,20,Day,Rainy,No,001510,0040,5108514
000208,50,30,20,Night,Normal,No,001744,0040,4405101
000209,50,30,20,Day,Normal,No,002277,0040,3855667
000210,50,30,20,Night,Normal,Yes,002587,0040,4847881
000211,50,30,20,Day,Normal,No,002701,0040,6098590
000212,50,30,20,Night,Rainy,No,003652,0040,3883714
000213,50,30,20,Day,Normal,Yes,004058,0040,3749646
000214,50,30,20,Day,Normal,Yes,004351,0040,4945617
000215,50,30,20,Day,Normal,No,004585,0040,3213681
000216,50,30,20,Night,Normal,Yes,005052,0040,2916578
000217,50,30,20,Day,Normal,Yes,005744,0040,5755009
000218,50,30,20,Day,Normal,Yes,000485,0041,4022830
000219,50,39,11,Day,Snowy,Yes,000701,0041,7142802
000220,50,37,13,Day,Snowy,Yes,000853,0041,8806351
000221,50,36,14,Night,Snowy,No,001099,0041,5301274
000222,50,31,19,Day,Snowy,Yes,001299,0041,5207995
000223,50,32,18,Day,Snowy,Yes,001598,0041,4582359
000224,50,30,20,Day,Normal,Yes,002205,0041,12190108
000225,50,30,20,Day,Snowy,Yes,002935,0041,4183116
000226,50,36,14,Day,Snowy,Yes,003389,0041,6693827
000227,50,39,11,Day,Normal,Yes,003716,0041,4801780
000228,50,47,3,Day,Snowy,Yes,003988,0041,4527453
000229,50,39,11,Night,Normal,Yes,004331,0041,3799301
000230,50,36,14,Day,Snowy,Yes,000340,0042,4337523
000231,50,42,8,Night,Normal,Yes,000609,0042,5344021
000232,50,30,20,Day,Rainy,Yes,000706,0042,5843371
000233,50,42,8,Day,Snowy,Yes,000819,0042,3055445
000234,50,31,19,Day,Normal,Yes,002143,0042,7240109
000235,50,31,19,Day,Normal,Yes,002303,0042,3797647
000236,50,41,9,Day,Snowy,Yes,002748,0042,5010710
000237,50,48,2,Day,Normal,Yes,003196,0042,5966946
000238,50,42,8,Night,Normal,No,003417,0042,3088894
000239,50,30,20,Day,Snowy,No,000538,0043,4462699
000240,50,30,20,Day,Normal,No,000813,0043,3659666
000241,50,31,19,Day,Normal,Yes,000957,0043,5723876
000242,50,33,17,Day,Normal,No,001395,0043,3989905
000243,50,31,19,Day,Normal,No,001617,0043,7939606
000244,50,44,6,Day,Normal,No,001799,0043,7102815
000245,50,30,20,Day,Normal,Yes,001917,0043,4836293
000246,50,30,20,Day,Normal,Yes,002032,0043,7213595
000247,50,47,3,Day,Snowy,No,002338,0043,5508065
000248,50,30,20,Day,Normal,No,002574,0043,6039931
000249,50,30,20,Day,Normal,Yes,000104,0044,7370349
000250,50,35,15,Day,Normal,Yes,000464,0044,8123667
000251,50,36,14,Day,Normal,No,000538,0044,7845659
000252,50,49,1,Day,Normal,No,000630,0044,10032549
000253,50,30,20,Day,Normal,Yes,000771,0044,3775974
000254,50,30,20,Day,Normal,Yes,001011,0044,6300895
000255,50,35,15,Day,Snowy,Yes,001148,0044,5446306
000256,50,31,19,Day,Snowy,No,001537,0044,5192982
000257,50,49,1,Day,Normal,No,001620,0044,6104375
000258,50,45,5,Day,Normal,Yes,001745,0044,5091460
000259,50,37,13,Day,Normal,Yes,002005,0044,4221405
000260,50,36,14,Day,Normal,Yes,000865,0045,6536463
000261,50,40,10,Day,Normal,No,001459,0045,8028102
000262,50,38,12,Day,Normal,Yes,002172,0045,5559775
000263,50,30,20,Day,Normal,No,003578,0045,4281944
000264,50,40,10,Day,Normal,No,003897,0045,6443601
000265,50,37,13,Day,Normal,Yes,004195,0045,5031693
000266,50,30,20,Day,Normal,Yes,004636,0045,4338871
000267,50,30,20,Day,Normal,No,004808,0045,8481873
000268,50,30,20,Day,Normal,No,004958,0045,7617324
000269,50,35,15,Day,Normal,No,005179,0045,4467234
000270,50,42,8,Day,Normal,No,005620,0045,4315867
000271,50,43,7,Day,Normal,Yes,006017,0045,5946618
000272,50,30,20,Day,Normal,Yes,002051,0046,6905540
000273,50,34,16,Day,Normal,Yes,002168,0046,7067122
000274,50,39,11,Day,Normal,Yes,003302,0046,5941737
000275,50,45,5,Day,Normal,Yes,003954,0046,4280564
000276,50,30,20,Day,Normal,Yes,004541,0046,6183099
000277,50,49,1,Day,Normal,No,004673,0046,6877548
000278,50,37,13,Day,Normal,No,004976,0046,5775259
000279,50,32,18,Day,Normal,No,005561,0046,4804853
000280,50,47,3,Day,Normal,Yes,005783,0046,4190444
000281,50,39,11,Day,Normal,Yes,000222,0047,2036361
000282,50,32,18,Day,Normal,No,001802,0047,2321833
000283,50,42,8,Day,Normal,Yes,002748,0047,2442019
000284,50,46,4,Day,Normal,No,003336,0047,3138029
000285,50,40,10,Day,Normal,No,004710,0047,2130893
000286,50,45,5,Day,Normal,No,004936,0047,2384860
000287,50,34,16,Day,Normal,Yes,005072,0047,2083505
000288,50,30,20,Day,Normal,No,005321,0047,2071722
000289,50,41,9,Night,Normal,Yes,005691,0047,2015118
000290,50,32,18,Day,Rainy,Yes,005781,0047,1642868
000291,50,33,17,Day,Snowy,Yes,000138,0048,3935636
000292,50,47,3,Day,Normal,Yes,001265,0048,5821909
000293,50,41,9,Day,Snowy,Yes,001512,0048,6793071
000294,50,39,11,Day,Snowy,Yes,001656,0048,4323313
000295,50,45,5,Day,Snowy,Yes,001803,0048,3814152
000296,50,44,6,Day,Normal,Yes,002069,0048,7252784
000297,50,35,15,Night,Normal,No,003676,0048,4556470
000298,50,49,1,Day,Snowy,Yes,003797,0048,3148348
000299,50,47,3,Day,Snowy,Yes,004047,0048,4003044
000300,50,38,12,Day,Normal,No,004550,0048,6331561
000301,50,44,6,Day,Normal,Yes,000513,0049,4110418
000302,50,46,4,Day,Rainy,Yes,000628,0049,4258042
000303,50,37,13,Day,Snowy,Yes,000905,0049,7094303
000304,50,42,8,Day,Rainy,No,001035,0049,4305556
000305,50,48,2,Day,Normal,Yes,001254,0049,8430962
000306,50,34,16,Day,Normal,Yes,001377,0049,5616487
000307,50,31,19,Day,Snowy,Yes,002091,0049,8102836
000308,50,32,18,Day,Normal,Yes,002230,0049,5186756
000309,50,39,11,Day,Normal,No,002397,0049,7296599
000310,50,36,14,Day,Snowy,Yes,002673,0049,3253963
000311,50,33,17,Day,Normal,No,003038,0049,5651041
000312,50,38,12,Day,Normal,No,003273,0049,3914213
000313,50,31,19,Day,Snowy,No,003675,0049,2976421
000314,50,36,14,Night,Normal,No,003793,0049,4144544
000315,50,31,19,Day,Normal,Yes,004278,0049,4341404
000316,50,46,4,Day,Normal,Yes,004488,0049,4641486
000317,50,33,17,Day,Normal,Yes,004591,0049,7058417
000318,50,35,15,Night,Normal,Yes,004689,0049,4503583
000319,50,49,1,Day,Normal,Yes,005165,0049,4892612
000320,50,44,6,Day,Snowy,Yes,005900,0049,3716403
000321,50,47,3,Night,Normal,Yes,000006,0050,4484432
000322,50,34,16,Day,Normal,No,000299,0050,4635281
000323,50,30,20,Day,Normal,Yes,000609,0050,5176750
000324,50,33,17,Day,Normal,Yes,002173,0050,4202351
000325,50,42,8,Day,Normal,No,002389,0050,7673571
000326,50,30,20,Day,Normal,Yes,002976,0050,4600010
000327,50,35,15,Day,Normal,No,003746,0050,5478431
000328,50,35,15,Day,Normal,No,004061,0050,6971914
000329,50,40,10,Night,Normal,Yes,004641,0050,3805267
000330,50,38,12,Day,Normal,Yes,005230,0050,4081586
000331,50,34,16,Day,Normal,No,005349,0050,5740069
000332,50,42,8,Day,Normal,No,005733,0050,3565460
000333,50,40,10,Day,Normal,No,001506,0051,8275484
000334,50,33,17,Day,Normal,Yes,001744,0051,5994535
000335,50,36,14,Day,Normal,Yes,003455,0051,3753727
000336,50,44,6,Day,Normal,Yes,004433,0051,7760485
000337,50,31,19,Day,Normal,Yes,004781,0051,5036910
000338,50,49,1,Day,Normal,No,005257,0051,4492868
000339,50,38,12,Day,Normal,Yes,005389,0051,3876476
000340,50,32,18,Day,Normal,Yes,005515,0051,8561023
000341,50,38,12,Day,Normal,No,000008,0052,4387995
000342,50,37,13,Day,Normal,Yes,000337,0052,4475642
000343,50,36,14,Day,Rainy,Yes,000442,0052,9121910
000344,50,41,9,Day,Normal,No,000631,0052,6753743
000345,50,34,16,Day,Normal,Yes,001199,0052,5743742
000346,50,39,11,Day,Normal,Yes,001335,0052,5780096
000347,50,33,17,Day,Normal,No,001459,0052,5971328
000348,50,43,7,Night,Normal,No,001614,0052,4010472
000349,50,37,13,Day,Normal,No,002164,0052,8151722
000350,50,42,8,Day,Normal,No,002482,0052,7225422
000351,50,40,10,Day,Rainy,No,002779,0052,5218437
000352,50,40,10,Day,Normal,No,002909,0052,6139233
000353,50,31,19,Day,Normal,No,003191,0052,5433363
000354,50,34,16,Day,Normal,Yes,003701,0052,4120614
000355,50,39,11,Day,Normal,No,003805,0052,5114173
000356,50,41,9,Day,Rainy,Yes,004278,0052,3769079
000357,50,34,16,Night,Rainy,No,004718,0052,4481034
000358,50,37,13,Day,Normal,Yes,005063,0052,6858048
000359,50,37,13,Night,Normal,Yes,005319,0052,5200255
000360,50,39,11,Day,Normal,Yes,005407,0052,4751918
000361,50,33,17,Day,Normal,No,005474,0052,6148429
000362,50,33,17,Day,Normal,Yes,005853,0052,6174414
000363,50,33,17,Day,Normal,Yes,000010,0053,4991133
000364,50,48,2,Day,Rainy,Yes,000231,0053,6280032
000365,50,34,16,Day,Rainy,No,000602,0053,6035883
000366,50,41,9,Day,Normal,No,000829,0053,7908825
000367,50,37,13,Day,Normal,No,001103,0053,4203796
000368,50,33,17,Day,Normal,No,001526,0053,13937015
000369,50,42,8,Night,Normal,No,001727,0053,5526399
000370,50,32,18,Day,Normal,Yes,002932,0053,4085332
000371,50,36,14,Night,Normal,Yes,003500,0053,6526516
000372,50,33,17,Day,Rainy,No,004691,0053,3589171
000373,50,34,16,Day,Normal,No,004849,0053,4984684
000374,50,47,3,Day,Rainy,No,005213,0053,8442821
000375,50,37,13,Day,Normal,Yes,005492,0053,5222463
000376,50,30,20,Day,Normal,Yes,005621,0053,4023174
000377,50,44,6,Day,Normal,Yes,006005,0053,9904515
000378,50,34,16,Night,Normal,Yes,000008,0054,4164708
000379,50,45,5,Day,Snowy,Yes,000310,0054,6821598
000380,50,47,3,Day,Normal,No,000573,0054,7458880
000381,50,32,18,Day,Snowy,Yes,001918,0054,6238939
000382,50,47,3,Night,Normal,Yes,002206,0054,4774958
000383,50,32,18,Night,Normal,No,002667,0054,3296418
000384,50,32,18,Night,Normal,No,004351,0054,6226461
000385,50,49,1,Night,Normal,No,004499,0054,3733252
000386,50,48,2,Day,Snowy,Yes,004852,0054,3942762
000387,50,30,20,Day,Snowy,No,005282,0054,5355103
000388,50,48,2,Night,Snowy,Yes,005404,0054,3787293
000389,50,45,5,Night,Normal,No,000001,0055,5429663
000390,50,33,17,Day,Normal,No,001004,0055,4976794
000391,50,33,17,Day,Rainy,No,001881,0055,11346021
000392,50,35,15,Night,Normal,No,001999,0055,6139723
000393,50,36,14,Day,Rainy,Yes,002759,0055,4354774
000394,50,41,9,Day,Snowy,Yes,003397,0055,5840258
000395,50,32,18,Night,Snowy,No,004173,0055,7034032
000396,50,36,14,Day,Rainy,No,004266,0055,7114880
000397,50,42,8,Night,Normal,Yes,004597,0055,4820108
000398,50,32,18,Day,Snowy,Yes,005126,0055,5907347
000399,50,45,5,Day,Snowy,Yes,005225,0055,4124936
000400,50,39,11,Day,Snowy,Yes,005818,0055,2741492
000401,50,31,19,Night,Snowy,Yes,006010,0055,1732579
000402,50,36,14,Day,Snowy,Yes,000087,0056,3514264
000403,50,48,2,Day,Snowy,Yes,000366,0056,5446470
000404,50,32,18,Day,Normal,No,000638,0056,7226332
000405,50,40,10,Day,Rainy,Yes,000739,0056,4689211
000406,50,46,4,Day,Normal,No,000967,0056,4277857
000407,50,40,10,Day,Snowy,No,001427,0056,9402988
000408,50,42,8,Day,Snowy,Yes,001657,0056,4883866
000409,50,31,19,Day,Normal,No,002092,0056,6106466
000410,50,37,13,Day,Snowy,Yes,002252,0056,6601738
000411,50,38,12,Night,Normal,Yes,002367,0056,4282471
000412,50,33,17,Day,Normal,No,002927,0056,5438885
000413,50,35,15,Day,Normal,Yes,000050,0057,1568606
000414,50,32,18,Day,Normal,No,000870,0057,2000411
000415,50,34,16,Day,Rainy,No,001615,0057,4015753
000416,50,31,19,Day,Normal,Yes,002114,0057,1841367
000417,50,30,20,Day,Normal,No,002470,0057,2634014
000418,50,30,20,Day,Normal,No,002632,0057,1957465
000419,50,36,14,Day,Normal,No,004469,0057,2492830
000420,50,39,11,Day,Snowy,Yes,004955,0057,1106104
000421,50,39,11,Day,Normal,Yes,005745,0057,1893411
000422,50,37,13,Day,Normal,No,000193,0058,4876280
000423,50,41,9,Day,Normal,No,000356,0058,3576232
000424,50,30,20,Day,Rainy,No,000817,0058,3624582
000425,50,30,20,Day,Normal,Yes,001650,0058,6814480
000426,50,30,20,Day,Normal,No,002577,0058,11533121
000427,50,41,9,Day,Normal,No,002894,0058,9237044
000428,50,37,13,Day,Normal,No,003310,0058,6115008
000429,50,46,4,Day,Normal,Yes,003995,0058,4903593
000430,50,49,1,Day,Normal,Yes,005451,0058,6278686
000431,50,43,7,Day,Normal,Yes,006022,0058,5428975
000432,50,43,7,Day,Normal,No,000121,0059,7310275
000433,50,36,14,Day,Normal,Yes,000306,0059,4119483
000434,50,44,6,Day,Normal,Yes,000523,0059,4134393
000435,50,33,17,Day,Normal,Yes,000711,0059,6587497
000436,50,40,10,Day,Normal,Yes,001155,0059,3626511
000437,50,35,15,Day,Normal,Yes,001562,0059,5424426
000438,50,35,15,Day,Rainy,Yes,001721,0059,3292706
000439,50,44,6,Day,Normal,Yes,001851,0059,4320345
000440,50,30,20,Day,Normal,Yes,002208,0059,5767979
000441,50,32,18,Day,Normal,Yes,002480,0059,4294017
000442,50,46,4,Day,Normal,Yes,002691,0059,4774357
000443,50,36,14,Day,Normal,Yes,003045,0059,5646713
000444,50,36,14,Day,Normal,No,003324,0059,8806649
000445,50,33,17,Day,Normal,No,004024,0059,6836327
000446,50,32,18,Day,Normal,Yes,004346,0059,3143152
000447,50,47,3,Night,Rainy,No,005216,0059,4569693
000448,50,49,1,Day,Normal,No,000906,0060,5971926
000449,50,45,5,Day,Normal,No,001658,0060,6027616
000450,50,45,5,Day,Snowy,No,001969,0060,3763418
000451,50,32,18,Day,Normal,No,003167,0060,3969146
000452,50,42,8,Day,Normal,No,003325,0060,3348366
000453,50,31,19,Day,Normal,Yes,003469,0060,4701666
000454,50,35,15,Day,Normal,Yes,003654,0060,5622628
000455,50,46,4,Night,Normal,No,003744,0060,4451363
000456,50,47,3,Day,Snowy,Yes,004032,0060,7854852
000457,50,36,14,Day,Normal,No,004124,0060,6761022
000458,50,44,6,Day,Normal,No,004506,0060,5305748
000459,50,40,10,Day,Normal,No,004860,0060,3762323
000460,50,34,16,Day,Normal,Yes,000257,0061,6915821
000461,50,31,19,Day,Normal,Yes,000389,0061,5697274
000462,50,45,5,Day,Normal,Yes,000486,0061,4781697
000463,50,30,20,Day,Normal,Yes,000770,0061,6462605
000464,50,37,13,Day,Normal,Yes,001897,0061,4816395
000465,50,30,20,Day,Normal,Yes,000110,0062,5609270
000466,50,40,10,Day,Normal,No,000488,0062,6239964
000467,50,47,3,Day,Normal,No,001024,0062,7153082
000468,50,35,15,Day,Rainy,Yes,001588,0062,5678337
000469,50,33,17,Day,Normal,Yes,002193,0062,4212789
000470,50,37,13,Day,Snowy,Yes,002410,0062,6156192
000471,50,40,10,Day,Normal,Yes,003375,0062,3683190
000472,50,32,18,Day,Snowy,Yes,003902,0062,3688548
000473,50,49,1,Day,Snowy,Yes,004884,0062,6848261
000474,50,41,9,Day,Normal,No,000009,0063,5334015
000475,50,42,8,Day,Normal,Yes,000164,0063,5094432
000476,50,41,9,Day,Normal,Yes,000297,0063,4534015
000477,50,38,12,Day,Rainy,No,000442,0063,5430321
000478,50,39,11,Day,Normal,Yes,000764,0063,5012535
000479,50,37,13,Day,Normal,No,001088,0063,4600194
000480,50,41,9,Day,Normal,No,001696,0063,5474717
000481,50,40,10,Day,Normal,Yes,002123,0063,6627127
000482,50,36,14,Day,Normal,Yes,002222,0063,5221173
000483,50,38,12,Day,Normal,Yes,003163,0063,4639620
000484,50,41,9,Day,Normal,Yes,003509,0063,7017084
000485,50,42,8,Day,Normal,No,003791,0063,5021925
000486,50,49,1,Day,Normal,Yes,004041,0063,3724426
000487,50,39,11,Day,Normal,Yes,004309,0063,5373623
000488,50,44,6,Day,Normal,Yes,004515,0063,5704320
000489,50,46,4,Day,Normal,Yes,004639,0063,4157752
000490,50,44,6,Day,Normal,Yes,000031,0064,5689812
000491,50,31,19,Day,Normal,Yes,000350,0064,7032186
000492,50,45,5,Night,Rainy,No,000505,0064,4923657
000493,50,41,9,Day,Snowy,Yes,001076,0064,3078435
000494,50,41,9,Day,Snowy,No,001190,0064,3371181
000495,50,39,11,Day,Normal,Yes,001448,0064,4933481
000496,50,36,14,Day,Snowy,Yes,001881,0064,3852382
000497,50,42,8,Day,Normal,No,002237,0064,3568220
000498,50,41,9,Day,Normal,No,002343,0064,3578077
000499,50,30,20,Day,Snowy,Yes,002660,0064,5517064
000500,50,38,12,Day,Snowy,No,002797,0064,7438988
000501,50,34,16,Day,Normal,No,003062,0064,7943249
000502,50,45,5,Night,Normal,Yes,003380,0064,3491912
000503,50,35,15,Night,Normal,Yes,003721,0064,4928248
000504,50,38,12,Night,Rainy,Yes,003901,0064,4303996
000505,50,45,5,Night,Normal,No,004114,0064,3927437
000506,50,48,2,Night,Normal,No,004364,0064,4502798
000507,50,41,9,Night,Normal,Yes,004511,0064,2388047
000508,50,43,7,Night,Snowy,Yes,004623,0064,3537029
000509,50,48,2,Night,Snowy,Yes,004681,0064,3123682
000510,50,40,10,Night,Normal,No,004961,0064,4727086
000511,50,32,18,Night,Normal,Yes,005141,0064,3363744
000512,50,44,6,Night,Snowy,Yes,005287,0064,3800605
000513,50,42,8,Night,Normal,No,005627,0064,3847653
000514,50,39,11,Night,Normal,Yes,005745,0064,4712390
000515,50,41,9,Day,Rainy,No,000189,0065,4758700
000516,50,48,2,Day,Normal,Yes,000570,0065,6789797
000517,50,37,13,Day,Normal,Yes,000724,0065,4737113
000518,50,39,11,Day,Snowy,No,000943,0065,4220527
000519,50,42,8,Day,Normal,Yes,001172,0065,4996727
000520,50,45,5,Day,Snowy,Yes,001409,0065,4852906
000521,50,30,20,Day,Snowy,No,001477,0065,5436668
000522,50,38,12,Day,Rainy,Yes,001625,0065,5153122
000523,50,35,15,Day,Normal,No,001750,0065,4399122
000524,50,35,15,Day,Normal,No,001860,0065,5407506
000525,50,32,18,Day,Normal,Yes,002094,0065,4473902
000526,50,35,15,Night,Snowy,No,002412,0065,3184627
000527,50,36,14,Day,Normal,Yes,002587,0065,4174338
000528,50,31,19,Day,Normal,No,002690,0065,7529808
000529,50,36,14,Day,Rainy,Yes,002859,0065,4696258
000530,50,33,17,Day,Normal,Yes,003375,0065,5867286
000531,50,31,19,Night,Snowy,Yes,003867,0065,5477667
000532,50,36,14,Night,Normal,Yes,004102,0065,3329289
000533,50,32,18,Night,Normal,Yes,004396,0065,4639191
000534,50,37,13,Night,Normal,Yes,004734,0065,3877682
000535,50,39,11,Night,Normal,Yes,004831,0065,3644889
000536,50,43,7,Night,Rainy,No,005328,0065,3982137
000537,50,45,5,Night,Rainy,No,005403,0065,4558980
000538,50,33,17,Day,Normal,No,000024,0066,5249385
000539,50,35,15,Day,Normal,No,000980,0066,4815414
000540,50,33,17,Day,Normal,Yes,001122,0066,5884954
000541,50,30,20,Day,Normal,Yes,001245,0066,6873390
000542,50,49,1,Day,Normal,Yes,001334,0066,5796116
000543,50,39,11,Day,Normal,Yes,001495,0066,7401376
000544,50,44,6,Day,Normal,Yes,001838,0066,5575606
000545,50,38,12,Day,Normal,No,001932,0066,3755558
000546,50,35,15,Day,Rainy,No,002173,0066,4500678
000547,50,32,18,Day,Snowy,No,002669,0066,3228135
000548,50,35,15,Day,Normal,Yes,003279,0066,6433720
000549,50,33,17,Day,Snowy,Yes,003641,0066,3546779
000550,50,44,6,Day,Snowy,No,003857,0066,3498264
000551,50,48,2,Day,Snowy,Yes,004883,0066,3744501
000552,50,43,7,Night,Normal,Yes,005311,0066,4175568
000553,50,36,14,Night,Rainy,No,005633,0066,5048856
000554,50,40,10,Day,Normal,Yes,000073,0067,4498801
000555,50,49,1,Day,Normal,Yes,000307,0067,4622073
000556,50,38,12,Day,Normal,No,000720,0067,4791749
000557,50,39,11,Day,Rainy,No,000928,0067,3886015
000558,50,39,11,Day,Normal,No,001497,0067,4376385
000559,50,41,9,Day,Normal,Yes,001739,0067,5473667
000560,50,45,5,Day,Rainy,No,001982,0067,3952695
000561,50,39,11,Day,Normal,Yes,002223,0067,4371000
000562,50,49,1,Day,Normal,Yes,002323,0067,7755465
000563,50,41,9,Night,Normal,Yes,002650,0067,4401297
000564,50,48,2,Day,Normal,Yes,002730,0067,5820245
000565,50,31,19,Day,Normal,Yes,003026,0067,5737654
000566,50,34,16,Day,Normal,No,003175,0067,5726549
000567,50,30,20,Day,Normal,No,003462,0067,5130226
000568,50,46,4,Day,Normal,No,004227,0067,6247986
000569,50,35,15,Day,Normal,Yes,004370,0067,5653417
000570,50,40,10,Day,Normal,Yes,004632,0067,5201146
000571,50,42,8,Day,Normal,No,004775,0067,7254686
000572,50,34,16,Day,Normal,No,004883,0067,9516572
000573,50,32,18,Day,Normal,No,005065,0067,6898050
000574,50,43,7,Day,Normal,Yes,000119,0068,4596167
000575,50,42,8,Day,Normal,No,000450,0068,6369272
000576,50,35,15,Day,Normal,Yes,000801,0068,3399255
000577,50,44,6,Day,Normal,Yes,000898,0068,5690537
000578,50,36,14,Day,Normal,Yes,001020,0068,5236546
000579,50,32,18,Day,Normal,No,001308,0068,5732233
000580,50,43,7,Day,Normal,Yes,001685,0068,5810713
000581,50,49,1,Day,Normal,No,001775,0068,7096615
000582,50,37,13,Day,Normal,No,001922,0068,5931314
000583,50,44,6,Day,Rainy,No,002007,0068,4661613
000584,50,47,3,Day,Normal,Yes,002595,0068,4527809
000585,50,33,17,Day,Normal,Yes,002991,0068,4108983
000586,50,38,12,Day,Normal,Yes,003311,0068,5089051
000587,50,39,11,Day,Normal,No,003516,0068,5932796
000588,50,41,9,Day,Normal,No,003712,0068,6188554
000589,50,45,5,Day,Normal,No,003967,0068,2644859
000590,50,45,5,Day,Normal,No,004538,0068,7579440
000591,50,36,14,Day,Normal,No,004689,0068,5973223
000592,50,43,7,Night,Normal,No,005503,0068,5465072
000593,50,35,15,Night,Normal,Yes,005641,0068,3247529
000594,50,45,5,Night,Normal,Yes,005731,0068,4392953
000595,50,46,4,Day,Normal,Yes,000105,0069,4887775
000596,50,33,17,Night,Normal,Yes,000350,0069,3621428
000597,50,34,16,Day,Normal,No,000677,0069,7748217
000598,50,32,18,Day,Normal,No,001402,0069,4466094
000599,50,38,12,Day,Normal,Yes,002275,0069,4455691
000600,50,46,4,Day,Normal,No,002366,0069,5767779
000601,50,35,15,Day,Normal,No,002579,0069,5349409
000602,50,42,8,Day,Normal,Yes,002728,0069,5977783
000603,50,39,11,Day,Normal,Yes,002916,0069,5889370
000604,50,34,16,Day,Normal,No,003064,0069,3820410
000605,50,43,7,Day,Normal,No,003172,0069,4715903
000606,50,33,17,Day,Normal,No,003653,0069,6937211
000607,50,38,12,Day,Normal,Yes,004578,0069,4836142
000608,50,36,14,Day,Normal,Yes,004842,0069,5114444
000609,50,31,19,Day,Normal,Yes,005023,0069,5460606
000610,50,45,5,Night,Normal,No,005249,0069,4766606
000611,50,48,2,Day,Rainy,No,005429,0069,4928804
000612,50,49,1,Day,Normal,Yes,000107,0070,3883939
000613,50,41,9,Day,Normal,No,000391,0070,5119666
000614,50,32,18,Day,Normal,Yes,000496,0070,6705057
000615,50,41,9,Day,Normal,No,001335,0070,8008854
000616,50,35,15,Day,Snowy,No,002072,0070,3411348
000617,50,37,13,Day,Snowy,No,002623,0070,5254332
000618,50,32,18,Day,Normal,Yes,002833,0070,6390159
000619,50,33,17,Night,Snowy,Yes,003402,0070,5405811
000620,50,49,1,Day,Normal,Yes,003994,0070,5335848
000621,50,31,19,Day,Normal,Yes,004076,0070,6784211
000622,50,46,4,Day,Normal,No,004207,0070,5545196
000623,50,35,15,Day,Normal,No,004599,0070,6964412
000624,50,34,16,Night,Normal,No,004843,0070,5048605
000625,50,38,12,Night,Normal,Yes,005038,0070,6294804
000626,50,44,6,Night,Normal,No,005275,0070,4534757
000627,50,37,13,Night,Normal,No,005567,0070,6137667
000628,50,33,17,Day,Normal,Yes,000077,0071,3849752
000629,50,47,3,Day,Normal,No,000986,0071,6887912
000630,50,34,16,Day,Normal,Yes,001412,0071,4009798
000631,50,32,18,Day,Normal,No,001721,0071,3839099
000632,50,38,12,Day,Normal,Yes,001995,0071,6437164
000633,50,45,5,Day,Normal,No,002469,0071,5993220
000634,50,31,19,Day,Normal,No,003895,0071,5548254
000635,50,41,9,Day,Normal,Yes,004044,0071,3867352
000636,50,43,7,Day,Normal,No,004809,0071,6859773
000637,50,33,17,Night,Normal,No,005166,0071,3394784
000638,50,36,14,Night,Normal,Yes,005445,0071,5683831
000639,50,32,18,Day,Normal,Yes,000452,0072,4742721
000640,50,42,8,Day,Normal,Yes,000635,0072,4586195
000641,50,47,3,Day,Normal,Yes,000759,0072,4867210
000642,50,38,12,Day,Normal,Yes,000890,0072,4529061
000643,50,41,9,Day,Snowy,Yes,001036,0072,4281493
000644,50,38,12,Day,Snowy,Yes,002378,0072,6222978
000645,50,37,13,Day,Snowy,No,002466,0072,5091078
000646,50,37,13,Day,Snowy,Yes,002639,0072,4652201
000647,50,32,18,Day,Snowy,Yes,003473,0072,3574082
000648,50,40,10,Night,Normal,Yes,003827,0072,4029097
000649,50,43,7,Night,Snowy,Yes,004317,0072,2859452
000650,50,38,12,Night,Snowy,Yes,004500,0072,4010222
000651,50,48,2,Night,Normal,Yes,004603,0072,6522561
000652,50,35,15,Night,Normal,Yes,005059,0072,4934447
000653,50,46,4,Night,Snowy,Yes,005743,0072,4561747
000654,50,40,10,Day,Normal,Yes,000485,0073,3126014
000655,50,47,3,Day,Normal,Yes,001423,0073,4732815
000656,50,38,12,Day,Normal,Yes,001882,0073,4883411
000657,50,44,6,Day,Normal,Yes,000654,0074,2484882
000658,50,39,11,Day,Normal,No,000537,0074,4354162
000659,50,31,19,Day,Normal,No,000002,0082,5877988
000660,50,47,3,Day,Normal,No,001332,0082,6521674
000661,50,39,11,Day,Normal,No,002219,0082,6067202
000662,50,36,14,Night,Normal,No,002605,0082,3845819
000663,50,32,18,Day,Normal,No,003747,0082,3710262
000664,50,41,9,Day,Normal,Yes,004705,0082,7021249
000665,50,46,4,Day,Normal,No,005046,0082,4813369
000666,50,45,5,Day,Normal,Yes,005486,0082,5949067
000667,50,38,12,Day,Normal,No,006615,0082,7127753
000668,50,45,5,Day,Normal,No,007066,0082,5936948
000669,50,33,17,Day,Normal,Yes,007846,0082,8404522
000670,50,44,6,Day,Normal,Yes,000848,0083,3920448
000671,50,45,5,Day,Normal,Yes,001529,0083,4469422
000672,50,47,3,Day,Snowy,Yes,001761,0083,2743777
000673,50,44,6,Day,Normal,Yes,002022,0083,4457520
000674,50,49,1,Night,Rainy,Yes,002347,0083,5072376
000675,50,36,14,Day,Snowy,No,002685,0083,3360214
000676,50,38,12,Day,Normal,Yes,005862,0083,3828528
000677,50,38,12,Day,Normal,No,000975,0084,3172984
000678,50,48,2,Day,Normal,Yes,001506,0084,9927992
000679,50,43,7,Day,Normal,Yes,002133,0084,9502222
000680,50,41,9,Day,Normal,Yes,002788,0084,5085934
000681,50,35,15,Day,Normal,Yes,006201,0084,6515825
000682,50,31,19,Day,Normal,No,007118,0084,5493837
000683,50,37,13,Day,Normal,Yes,000480,0085,9918839
000684,50,31,19,Day,Normal,No,000658,0085,5533200
000685,50,45,5,Day,Normal,No,003800,0085,6448170
000686,50,43,7,Day,Normal,Yes,003962,0085,5175623
000687,50,33,17,Day,Normal,Yes,006325,0085,3797084
000688,50,38,12,Day,Normal,Yes,007735,0085,8809438
000689,50,41,9,Day,Normal,Yes,000665,0086,2913602
000690,50,33,17,Day,Normal,Yes,001470,0086,4632971
000691,50,38,12,Day,Snowy,No,002653,0086,7635111
000692,50,32,18,Day,Normal,Yes,003902,0086,4840518
000693,50,42,8,Day,Normal,Yes,004878,0086,5481019
000694,50,46,4,Day,Normal,Yes,005611,0086,5768566
000695,50,39,11,Day,Normal,No,000205,0087,6654495
000696,50,46,4,Night,Rainy,No,000660,0087,5245395
000697,50,36,14,Day,Normal,No,001182,0087,5021339
000698,50,43,7,Day,Normal,Yes,001507,0087,4425455
000699,50,34,16,Day,Normal,Yes,002125,0087,7696370
000700,50,46,4,Day,Normal,No,002410,0087,4879822
000701,50,30,20,Night,Rainy,Yes,003629,0087,3478364
000702,50,42,8,Day,Normal,No,004854,0087,9421270
000703,50,32,18,Day,Normal,Yes,005069,0087,4287048
000704,50,40,10,Night,Normal,Yes,005492,0087,2958369
000705,50,38,12,Day,Normal,Yes,001721,0088,6551026
000706,50,41,9,Day,Normal,Yes,003123,0088,4838980
000707,50,38,12,Day,Normal,Yes,000521,0088,8328531
000708,50,33,17,Day,Normal,Yes,001456,0088,5606193
000709,50,42,8,Day,Normal,No,005868,0088,5743531
000710,50,49,1,Day,Normal,Yes,002060,0089,7251969
000711,50,33,17,Day,Normal,Yes,002892,0089,8272858
000712,50,41,9,Day,Normal,Yes,003968,0089,8022024
000713,50,41,9,Day,Normal,No,004094,0089,6436013
000714,50,44,6,Day,Normal,No,004309,0089,4885936
000715,50,39,11,Day,Snowy,Yes,005499,0089,6851273
000716,50,41,9,Day,Normal,No,006972,0089,4890770
000717,50,36,14,Day,Normal,No,007362,0089,7892884
000718,50,46,4,Day,Snowy,Yes,000126,0090,8272162
000719,50,44,6,Night,Normal,Yes,000498,0090,3404494
000720,50,39,11,Day,Normal,Yes,002169,0090,11120155
000721,50,40,10,Night,Normal,Yes,004899,0090,6192102
000722,50,30,20,Day,Normal,Yes,005790,0090,7710938
000723,50,39,11,Day,Normal,No,001429,0091,6108586
000724,50,37,13,Day,Snowy,Yes,001862,0091,6661745
000725,50,31,19,Day,Normal,Yes,002500,0091,4151833
000726,50,40,10,Day,Normal,No,002585,0091,6902506
000727,50,42,8,Day,Normal,Yes,002690,0091,7298163
000728,50,32,18,Day,Normal,Yes,002765,0091,4910973
000729,50,35,15,Day,Normal,No,002873,0091,8088939
000730,50,35,15,Day,Rainy,No,004494,0091,5439947
000731,50,30,20,Night,Normal,No,000105,0101,3977829
000732,50,30,20,Day,Normal,Yes,000215,0101,3902093
000733,50,30,20,Day,Normal,Yes,000670,0101,5245038
000734,50,35,15,Day,Normal,Yes,000772,0101,7623470
000735,50,30,20,Day,Rainy,No,000857,0101,4104923
000736,50,39,11,Day,Normal,No,001078,0101,6955743
000737,50,40,10,Day,Normal,Yes,001168,0101,5135119
000738,50,35,15,Day,Normal,No,001420,0101,7178133
000739,50,30,20,Night,Rainy,Yes,001512,0101,4777731
000740,50,32,18,Day,Rainy,Yes,001655,0101,4955548
000741,50,48,2,Day,Normal,No,001834,0101,5125373
000742,50,35,15,Day,Normal,No,002092,0101,6239482
000743,50,32,18,Day,Normal,Yes,002445,0101,8378640
000744,50,30,20,Day,Normal,Yes,005420,0101,7189576
000745,50,32,18,Night,Normal,No,005503,0101,5442026
000746,50,34,16,Day,Rainy,Yes,005861,0101,8577200
000747,50,30,20,Night,Normal,No,006232,0101,5757965
000748,50,38,12,Day,Normal,No,006414,0101,9591288
000749,50,32,18,Day,Normal,Yes,000102,0102,7115110
000750,50,34,16,Day,Normal,Yes,000305,0102,8558291
000751,50,40,10,Day,Normal,Yes,000484,0102,9805834
000752,50,32,18,Day,Normal,No,000827,0102,6888670
000753,50,47,3,Day,Normal,Yes,000932,0102,8279918
000754,50,46,4,Day,Normal,Yes,001018,0102,5758339
000755,50,41,9,Day,Normal,Yes,001163,0102,6932394
000756,50,42,8,Day,Normal,No,001337,0102,5079234
000757,50,36,14,Day,Normal,No,001773,0102,6057162
000758,50,47,3,Day,Normal,Yes,001967,0102,5534707
000759,50,32,18,Day,Normal,No,002157,0102,4485765
000760,50,49,1,Day,Normal,No,002900,0102,6568782
000761,50,30,20,Day,Normal,No,004154,0102,7215550
000762,50,34,16,Day,Normal,No,004580,0102,7507402
000763,50,39,11,Day,Normal,Yes,004665,0102,5984029
000764,50,34,16,Day,Normal,No,004770,0102,7133522
000765,50,39,11,Day,Normal,No,004865,0102,6844087
000766,50,42,8,Day,Normal,Yes,005222,0102,6048181
000767,50,40,10,Day,Normal,Yes,000096,0103,4676716
000768,50,35,15,Day,Normal,Yes,000416,0103,7418848
000769,50,32,18,Day,Normal,No,000789,0103,5585751
000770,50,33,17,Day,Normal,Yes,000969,0103,7014397
000771,50,33,17,Day,Normal,No,001068,0103,6483019
000772,50,46,4,Day,Normal,Yes,001235,0103,7033957
000773,50,34,16,Day,Normal,No,001916,0103,6691236
000774,50,31,19,Day,Normal,No,002079,0103,5939748
000775,50,38,12,Day,Normal,No,002212,0103,5952433
000776,50,34,16,Day,Normal,No,002440,0103,10282840
000777,50,39,11,Day,Normal,Yes,002635,0103,4762180
000778,50,43,7,Day,Rainy,Yes,002950,0103,4182583
000779,50,33,17,Day,Normal,Yes,003143,0103,4928154
000780,50,32,18,Day,Normal,No,004298,0103,8099580
000781,50,38,12,Day,Normal,No,004397,0103,4288890
000782,50,32,18,Night,Normal,No,000079,0104,5772732
000783,50,37,13,Day,Normal,No,000179,0104,8319931
000784,50,33,17,Day,Rainy,Yes,000553,0104,3229158
000785,50,32,18,Day,Normal,No,001034,0104,8123188
000786,50,43,7,Day,Normal,No,001168,0104,8444575
000787,50,43,7,Day,Normal,Yes,001288,0104,4269671
000788,50,36,14,Day,Normal,No,001645,0104,9900725
000789,50,47,3,Day,Rainy,No,001719,0104,7159660
000790,50,31,19,Day,Normal,No,001930,0104,5274960
000791,50,38,12,Day,Normal,No,002023,0104,7239648
000792,50,34,16,Day,Normal,Yes,002247,0104,4564495
000793,50,33,17,Day,Normal,No,002323,0104,7610099
000794,50,38,12,Day,Normal,No,002413,0104,5137177
000795,50,42,8,Day,Normal,Yes,002764,0104,5161418
000796,50,49,1,Day,Normal,No,003012,0104,6708668
000797,50,41,9,Day,Normal,Yes,003160,0104,9891917
000798,50,37,13,Day,Normal,Yes,003269,0104,5943310
000799,50,40,10,Day,Normal,No,003356,0104,5887852
000800,50,45,5,Day,Normal,No,004161,0104,9562291
000801,50,33,17,Day,Normal,Yes,004283,0104,7762869
000802,50,40,10,Day,Normal,No,006531,0104,5918563
000803,50,36,14,Day,Normal,Yes,000102,0105,7813204
000804,50,30,20,Day,Normal,No,000411,0105,7833578
000805,50,30,20,Day,Normal,Yes,000750,0105,5859519
000806,50,35,15,Day,Normal,No,001055,0105,4849316
000807,50,31,19,Day,Normal,No,001149,0105,7457699
000808,50,31,19,Day,Rainy,No,001434,0105,6109194
000809,50,34,16,Day,Normal,No,002301,0105,6855975
000810,50,32,18,Day,Normal,Yes,002623,0105,7145368
000811,50,30,20,Day,Normal,Yes,003916,0105,6191420
000812,50,30,20,Day,Normal,No,005156,0105,8314404
000813,50,44,6,Day,Normal,Yes,005227,0105,6583663
000814,50,34,16,Day,Normal,Yes,005487,0105,8543986
000815,50,42,8,Day,Normal,Yes,000089,0106,7672742
000816,50,31,19,Day,Normal,No,000305,0106,7245460
000817,50,37,13,Day,Normal,No,001299,0106,4949953
000818,50,36,14,Day,Normal,Yes,001440,0106,8132723
000819,50,33,17,Day,Normal,No,001678,0106,7596761
000820,50,46,4,Day,Normal,No,002215,0106,9318338
000821,50,41,9,Day,Normal,No,002295,0106,5689685
000822,50,45,5,Day,Rainy,No,002396,0106,7151984
000823,50,49,1,Day,Normal,No,002677,0106,8812750
000824,50,30,20,Day,Normal,No,004285,0106,8884365
000825,50,44,6,Day,Normal,No,000209,0107,8782078
000826,50,33,17,Day,Normal,Yes,000330,0107,4905168
000827,50,37,13,Day,Rainy,Yes,000888,0107,7327040
000828,50,38,12,Day,Rainy,Yes,000962,0107,4943328
000829,50,37,13,Day,Normal,Yes,001040,0107,7595541
000830,50,38,12,Day,Normal,No,001326,0107,8388703
000831,50,30,20,Day,Normal,Yes,002845,0107,5797048
000832,50,31,19,Day,Normal,No,003269,0107,4784762
000833,50,34,16,Day,Normal,No,003471,0107,5289336
000834,50,30,20,Day,Normal,No,003685,0107,8577465
000835,50,32,18,Day,Normal,Yes,003913,0107,4271343
000836,50,38,12,Day,Normal,No,004134,0107,7371762
000837,50,30,20,Day,Normal,Yes,000509,0108,4276092
000838,50,31,19,Day,Normal,Yes,000593,0108,4848393
000839,50,33,17,Day,Normal,No,000691,0108,6477526
000840,50,41,9,Day,Normal,Yes,001253,0108,5303530
000841,50,47,3,Day,Normal,No,001487,0108,7149439
000842,50,32,18,Day,Normal,No,002127,0108,4980298
000843,50,32,18,Day,Normal,No,002512,0108,6621581
000844,50,34,16,Day,Normal,No,002685,0108,5936818
000845,50,36,14,Day,Normal,No,004133,0108,3814896
000846,50,30,20,Day,Normal,No,004234,0108,11937626
000847,50,44,6,Day,Normal,No,004510,0108,9511157
000848,50,30,20,Day,Normal,No,006169,0108,8764797
000849,50,37,13,Day,Normal,No,006677,0108,4599113
000850,50,33,17,Day,Normal,No,000118,0109,5640248
000851,50,42,8,Day,Normal,Yes,000214,0109,9460678
000852,50,45,5,Day,Normal,Yes,000281,0109,6618465
000853,50,33,17,Day,Normal,Yes,000418,0109,5780223
000854,50,35,15,Day,Normal,Yes,000511,0109,6842003
000855,50,34,16,Day,Normal,No,000602,0109,8496082
000856,50,30,20,Day,Normal,No,000681,0109,7183078
000857,50,35,15,Day,Normal,No,001081,0109,8453692
000858,50,31,19,Day,Normal,No,001305,0109,9250961
000859,50,40,10,Day,Rainy,No,001431,0109,8400362
000860,50,35,15,Day,Normal,No,001541,0109,9523710
000861,50,33,17,Night,Normal,Yes,001653,0109,3851728
000862,50,39,11,Day,Normal,Yes,001917,0109,5890641
000863,50,33,17,Day,Normal,No,002143,0109,8696696
000864,50,36,14,Day,Normal,No,002245,0109,5565642
000865,50,47,3,Day,Normal,No,002329,0109,3821070
000866,50,33,17,Night,Normal,No,002638,0109,4324241
000867,50,32,18,Day,Rainy,No,002749,0109,5462861
000868,50,48,2,Day,Normal,No,003108,0109,12296802
000869,50,43,7,Day,Normal,No,003323,0109,8213801
000870,50,41,9,Day,Rainy,No,003415,0109,4398811
000871,50,30,20,Day,Normal,Yes,003719,0109,7834327
000872,50,36,14,Day,Normal,No,004690,0109,6036463
000873,50,32,18,Day,Normal,Yes,004811,0109,6802695
000874,50,30,20,Day,Normal,No,005844,0109,5816630
000875,50,36,14,Night,Normal,Yes,006018,0109,6364676
000876,50,30,20,Day,Normal,No,000151,0110,7609480
000877,50,34,16,Day,Normal,No,000481,0110,8430489
000878,50,34,16,Day,Normal,No,001028,0110,10288762
000879,50,30,20,Day,Rainy,No,001113,0110,6504703
000880,50,31,19,Night,Normal,No,002621,0110,2532194
000881,50,33,17,Day,Normal,Yes,004541,0110,7680683
000882,50,30,20,Day,Normal,Yes,004869,0110,10848022
000883,50,30,20,Day,Normal,No,006453,0110,10506597
000884,50,30,20,Day,Normal,Yes,000116,0111,6350914
000885,50,30,20,Day,Normal,No,000308,0111,8020597
000886,50,30,20,Day,Rainy,Yes,000418,0111,4706907
000887,50,40,10,Day,Normal,No,001887,0111,7542198
000888,50,35,15,Day,Normal,No,002972,0111,7601028
000889,50,30,20,Day,Normal,No,003676,0111,9274324
000890,50,30,20,Day,Normal,No,003951,0111,5821271
000891,50,30,20,Day,Normal,Yes,005741,0111,5412785
000892,50,42,8,Day,Normal,No,000122,0112,10582161
000893,50,32,18,Day,Normal,Yes,000222,0112,6830663
000894,50,30,20,Day,Normal,Yes,000351,0112,7605168
000895,50,38,12,Day,Normal,No,000689,0112,6293429
000896,50,30,20,Day,Normal,No,001139,0112,5194003
000897,50,35,15,Day,Rainy,No,002444,0112,10673277
000898,50,34,16,Day,Normal,Yes,003250,0112,4722751
000899,50,30,20,Day,Normal,Yes,003531,0112,5529999
000900,50,33,17,Day,Normal,No,004068,0112,7456146
000901,50,30,20,Day,Normal,No,005388,0112,9434023
000902,50,30,20,Day,Normal,No,006853,0112,8388831
000903,50,32,18,Day,Normal,No,000377,0113,6944224
000904,50,31,19,Day,Normal,No,001118,0113,9169865
000905,50,31,19,Day,Normal,No,002061,0113,8544529
000906,50,44,6,Day,Normal,No,002592,0113,6078497
000907,50,42,8,Day,Normal,Yes,002755,0113,8580170
000908,50,31,19,Day,Normal,No,003428,0113,8046778
000909,50,34,16,Day,Normal,No,003728,0113,7375290
000910,50,30,20,Day,Normal,No,005706,0113,8082889
000911,50,30,20,Day,Normal,Yes,001561,0113,7155569
000912,50,36,14,Day,Normal,Yes,001755,0113,7303727
000913,50,32,18,Day,Normal,No,000800,0114,5197608
000914,50,30,20,Day,Normal,No,001160,0114,9620142
000915,50,45,5,Day,Normal,No,003702,0114,6556028
000916,50,30,20,Day,Normal,No,005153,0114,11277578
000917,50,36,14,Day,Normal,Yes,003336,0114,10026405
000918,50,34,16,Night,Normal,No,000122,0115,9556436
000919,50,32,18,Day,Normal,Yes,000509,0115,7655953
000920,50,31,19,Day,Normal,No,001128,0115,6922281
000921,50,30,20,Day,Normal,No,001432,0115,8326932
000922,50,31,19,Day,Normal,No,003453,0115,6977804
000923,50,30,20,Day,Normal,Yes,001062,0116,7813081
000924,50,30,20,Day,Normal,No,001308,0116,7861697
000925,50,31,19,Day,Normal,No,001657,0116,6495881
000926,50,30,20,Day,Normal,Yes,002535,0116,8112794
000927,50,30,20,Day,Normal,No,003440,0116,7591040
000928,50,30,20,Day,Normal,No,003750,0116,7957422
000929,50,35,15,Day,Normal,No,005112,0116,6314338
000930,50,35,15,Night,Normal,Yes,005372,0116,5055935
000931,50,30,20,Night,Snowy,Yes,001328,0117,3434468
000932,50,30,20,Day,Normal,Yes,001629,0117,10458619
000933,50,30,20,Day,Normal,No,001805,0117,8170111
000934,50,30,20,Day,Normal,No,001899,0117,8025825
000935,50,30,20,Night,Normal,Yes,002024,0117,5799101
000936,50,42,8,Day,Normal,No,002574,0117,8855448
000937,50,30,20,Day,Normal,Yes,003256,0117,6844897
000938,50,40,10,Day,Normal,No,004665,0117,10447081
000939,50,45,5,Day,Normal,No,005001,0117,6148989
000940,50,31,19,Day,Rainy,Yes,000115,0118,6502717
000941,50,44,6,Day,Normal,Yes,001377,0118,5716314
000942,50,34,16,Day,Normal,Yes,001732,0118,10103700
000943,50,48,2,Day,Normal,No,002462,0118,6549116
000944,50,30,20,Day,Normal,No,002705,0118,5880049
000945,50,30,20,Day,Rainy,No,003035,0118,4384659
000946,50,41,9,Day,Normal,Yes,006068,0118,9021700
000947,50,30,20,Day,Rainy,No,000103,0119,6001868
000948,50,30,20,Day,Normal,No,000304,0119,4798467
000949,50,30,20,Day,Normal,Yes,000431,0119,5251282
000950,50,37,13,Day,Normal,Yes,000507,0119,4393657
000951,50,35,15,Day,Normal,No,000588,0119,6389232
000952,50,45,5,Day,Normal,No,000771,0119,6408891
000953,50,42,8,Day,Normal,Yes,001355,0119,9761667
000954,50,40,10,Day,Normal,No,001533,0119,3774766
000955,50,31,19,Day,Normal,No,002140,0119,10865963
000956,50,34,16,Day,Rainy,No,002405,0119,4119831
000957,50,46,4,Day,Normal,No,003016,0119,5651469
000958,50,32,18,Day,Normal,No,003262,0119,6272366
000959,50,34,16,Day,Normal,Yes,003584,0119,6248730
000960,50,41,9,Day,Normal,No,003686,0119,5494983
000961,50,30,20,Day,Normal,No,003920,0119,3846169
000962,50,49,1,Day,Normal,No,004633,0119,11716864
000963,50,44,6,Day,Normal,No,000228,0120,5649967
000964,50,47,3,Day,Normal,No,000405,0120,4418214
000965,50,38,12,Day,Normal,Yes,000549,0120,6278143
000966,50,46,4,Day,Normal,No,000696,0120,5270810
000967,50,31,19,Day,Normal,Yes,000837,0120,7331215
000968,50,32,18,Day,Normal,Yes,000995,0120,6387539
000969,50,32,18,Day,Normal,Yes,001593,0120,7528913
000970,50,48,2,Day,Normal,Yes,001933,0120,5242971
000971,50,40,10,Day,Rainy,Yes,002074,0120,5982250
000972,50,46,4,Day,Normal,No,002977,0120,6524469
000973,50,30,20,Day,Normal,No,003095,0120,9529101
000974,50,33,17,Day,Normal,Yes,003218,0120,3830758
000975,50,31,19,Day,Normal,No,003622,0120,8957519
000976,50,40,10,Day,Normal,No,003774,0120,7948623
000977,50,43,7,Day,Normal,Yes,003872,0120,7278914
000978,50,45,5,Day,Normal,Yes,004076,0120,6513520
000979,50,33,17,Day,Normal,No,004297,0120,10357646
000980,50,32,18,Day,Normal,No,004558,0120,9150254
000981,50,30,20,Day,Normal,Yes,001003,0121,5781988
000982,50,33,17,Day,Normal,Yes,001538,0121,3778747
000983,50,47,3,Day,Rainy,No,001627,0121,3291176
000984,50,40,10,Day,Normal,Yes,002028,0121,4875146
000985,50,38,12,Day,Normal,No,002967,0121,4560612
000986,50,43,7,Day,Normal,Yes,003558,0121,5338565
000987,50,49,1,Day,Normal,No,004033,0121,10587067
000988,50,36,14,Day,Normal,Yes,004298,0121,4677199
000989,50,36,14,Night,Normal,Yes,004399,0121,2655766
000990,50,37,13,Night,Normal,No,004466,0121,4065718
000991,50,41,9,Day,Rainy,No,004825,0121,6773045
000992,50,36,14,Day,Normal,Yes,005207,0121,6724644
000993,50,40,10,Day,Normal,Yes,005269,0121,9444233
000994,50,34,16,Day,Normal,Yes,005353,0121,4336425
000995,50,47,3,Day,Normal,Yes,000544,0122,12323101
000996,50,44,6,Day,Normal,No,000649,0122,5785983
000997,50,37,13,Day,Normal,Yes,001201,0122,5728813
000998,50,31,19,Day,Normal,Yes,001738,0122,4816784
000999,50,31,19,Day,Snowy,Yes,002000,0122,5925816
001000,50,32,18,Day,Normal,No,002744,0122,5278121
001001,50,48,2,Night,Normal,No,003135,0122,7233669
001002,50,30,20,Day,Normal,No,003740,0122,7963748
001003,50,30,20,Day,Normal,No,004591,0122,7833001
001004,50,31,19,Day,Normal,No,006115,0122,6832947
001005,50,36,14,Day,Rainy,Yes,000105,0123,4798581
001006,50,30,20,Day,Normal,No,000221,0123,4328780
001007,50,31,19,Day,Normal,Yes,000400,0123,6440360
001008,50,38,12,Day,Normal,Yes,000494,0123,4239539
001009,50,45,5,Day,Normal,No,000734,0123,5622989
001010,50,33,17,Day,Snowy,No,000939,0123,3733794
001011,50,45,5,Day,Normal,Yes,001038,0123,6418710
001012,50,37,13,Day,Normal,No,002104,0123,5623974
001013,50,42,8,Day,Normal,Yes,002772,0123,2995250
001014,50,31,19,Night,Snowy,Yes,003304,0123,2769734
001015,50,44,6,Day,Normal,No,003928,0123,5457189
001016,50,38,12,Day,Normal,No,004452,0123,6231857
001017,50,33,17,Day,Normal,No,005066,0123,5454704
001018,50,31,19,Night,Normal,Yes,006449,0123,3229921
001019,50,41,9,Day,Normal,No,000102,0124,6661044
001020,50,43,7,Day,Normal,Yes,000208,0124,6819388
001021,50,49,1,Day,Normal,Yes,000606,0124,4437879
001022,50,30,20,Day,Rainy,No,000688,0124,6693162
001023,50,42,8,Day,Normal,No,000781,0124,8051596
001024,50,35,15,Day,Rainy,Yes,000998,0124,5663301
001025,50,38,12,Day,Normal,No,001072,0124,6259619
001026,50,47,3,Night,Normal,Yes,001330,0124,3513476
001027,50,42,8,Day,Normal,Yes,001529,0124,4895618
001028,50,38,12,Night,Snowy,No,001714,0124,5729879
001029,50,44,6,Day,Normal,No,001847,0124,8955981
001030,50,49,1,Day,Snowy,No,002019,0124,6495242
001031,50,37,13,Day,Normal,No,002214,0124,3458265
001032,50,45,5,Day,Normal,No,002629,0124,12547738
001033,50,42,8,Day,Normal,No,002842,0124,6563340
001034,50,40,10,Day,Normal,No,003051,0124,7927940
001035,50,31,19,Day,Normal,No,003124,0124,8475666
001036,50,42,8,Day,Normal,Yes,003452,0124,6824621
001037,50,43,7,Day,Normal,No,003535,0124,8676574
001038,50,36,14,Day,Snowy,Yes,004557,0124,4143606
001039,50,37,13,Night,Normal,No,004624,0124,4842466
001040,50,40,10,Day,Snowy,Yes,005144,0124,6755101
001041,50,32,18,Day,Normal,No,005223,0124,7352393
001042,50,38,12,Day,Normal,Yes,005413,0124,6741876
001043,50,46,4,Day,Snowy,No,005482,0124,6643107
001044,50,41,9,Day,Normal,Yes,005585,0124,3555154
001045,50,36,14,Day,Normal,No,000118,0125,9421204
001046,50,42,8,Day,Normal,Yes,000217,0125,10069800
001047,50,44,6,Day,Normal,Yes,000299,0125,5894675
001048,50,44,6,Day,Snowy,Yes,000478,0125,5643354
001049,50,37,13,Day,Normal,No,000543,0125,5787473
001050,50,38,12,Day,Normal,Yes,000732,0125,5289801
001051,50,31,19,Day,Normal,Yes,000819,0125,4065531
001052,50,40,10,Night,Normal,No,001251,0125,3096815
001053,50,33,17,Night,Normal,No,001361,0125,5859895
001054,50,38,12,Day,Normal,No,001530,0125,5350483
001055,50,32,18,Day,Normal,No,001995,0125,7170316
001056,50,30,20,Day,Normal,No,002070,0125,6841172
001057,50,33,17,Day,Snowy,Yes,003049,0125,4640631
001058,50,30,20,Day,Normal,No,003440,0125,7561889
001059,50,30,20,Day,Normal,No,003532,0125,4544682
001060,50,38,12,Day,Snowy,No,003882,0125,4176848
001061,50,36,14,Day,Normal,Yes,003961,0125,7686964
001062,50,48,2,Day,Normal,Yes,004984,0125,6477279
001063,50,35,15,Day,Normal,No,005418,0125,7658211
001064,50,43,7,Day,Rainy,No,005532,0125,5495341
001065,50,35,15,Day,Normal,No,000117,0126,6132306
001066,50,33,17,Day,Normal,No,000305,0126,4980386
001067,50,41,9,Day,Normal,No,000389,0126,9567191
001068,50,45,5,Night,Normal,Yes,000500,0126,5124002
001069,50,31,19,Day,Snowy,Yes,000942,0126,4850445
001070,50,31,19,Day,Normal,No,001254,0126,6518665
001071,50,36,14,Day,Normal,Yes,001377,0126,6459847
001072,50,32,18,Day,Normal,Yes,002671,0126,5755755
001073,50,39,11,Day,Normal,Yes,002872,0126,6305841
001074,50,31,19,Day,Normal,No,003101,0126,5855052
001075,50,30,20,Day,Normal,No,003358,0126,8773258
001076,50,44,6,Day,Normal,No,003468,0126,7715544
001077,50,45,5,Day,Normal,Yes,003589,0126,5883709
001078,50,39,11,Day,Snowy,No,003665,0126,3901768
001079,50,42,8,Day,Normal,Yes,003852,0126,8473460
001080,50,34,16,Day,Normal,No,004093,0126,4508203
001081,50,39,11,Day,Normal,No,004344,0126,6491643
001082,50,32,18,Day,Normal,Yes,004986,0126,4983445
001083,50,33,17,Day,Normal,No,005052,0126,6107923
001084,50,37,13,Day,Normal,Yes,005245,0126,5919315
001085,50,31,19,Day,Normal,No,005564,0126,5043376
001086,50,44,6,Day,Normal,Yes,005834,0126,6144172
001087,50,48,2,Day,Normal,No,005919,0126,6049060
001088,50,46,4,Day,Snowy,Yes,006104,0126,3844182
001089,50,41,9,Day,Snowy,Yes,000104,0127,3743622
001090,50,49,1,Day,Rainy,Yes,000230,0127,4836211
001091,50,34,16,Day,Rainy,Yes,000400,0127,4109187
001092,50,44,6,Day,Normal,No,000566,0127,7662926
001093,50,33,17,Day,Normal,Yes,000988,0127,5636131
001094,50,36,14,Day,Normal,No,001359,0127,5531079
001095,50,33,17,Night,Normal,No,002070,0127,5067084
001096,50,40,10,Day,Rainy,Yes,002237,0127,5107689
001097,50,40,10,Day,Rainy,Yes,002487,0127,4531628
001098,50,40,10,Day,Normal,No,002596,0127,7729153
001099,50,48,2,Day,Normal,Yes,002691,0127,5076379
001100,50,33,17,Night,Rainy,No,002783,0127,3919111
001101,50,40,10,Night,Normal,Yes,003452,0127,3494480
001102,50,47,3,Day,Normal,No,004001,0127,5861733
001103,50,42,8,Day,Normal,No,004078,0127,10337706
001104,50,37,13,Day,Rainy,No,004612,0127,5066413
001105,50,35,15,Day,Snowy,Yes,005250,0127,7378307
001106,50,46,4,Day,Normal,No,000218,0128,4503574
001107,50,31,19,Day,Normal,No,000385,0128,5668204
001108,50,48,2,Day,Normal,Yes,000621,0128,5964461
001109,50,37,13,Day,Normal,No,000917,0128,5288673
001110,50,34,16,Night,Snowy,Yes,001617,0128,2986450
001111,50,33,17,Day,Snowy,Yes,002025,0128,4157678
001112,50,34,16,Night,Normal,No,002090,0128,4377940
001113,50,45,5,Night,Snowy,Yes,002177,0128,3295220
001114,50,38,12,Day,Normal,No,002275,0128,7886349
001115,50,41,9,Day,Snowy,Yes,002381,0128,5462180
001116,50,48,2,Day,Normal,No,003103,0128,8337438
001117,50,45,5,Day,Normal,Yes,003473,0128,4330169
001118,50,42,8,Day,Normal,Yes,003731,0128,6568417
001119,50,35,15,Day,Normal,Yes,004018,0128,4978062
001120,50,32,18,Day,Normal,Yes,004172,0128,7075792
001121,50,42,8,Day,Rainy,Yes,004345,0128,4404600
001122,50,46,4,Day,Snowy,Yes,000115,0135,4000027
001123,50,44,6,Day,Snowy,Yes,000797,0135,3975837
001124,50,43,7,Day,Normal,Yes,001448,0135,4468348
001125,50,45,5,Day,Snowy,Yes,001536,0135,5015327
001126,50,36,14,Day,Snowy,Yes,001650,0135,5284661
001127,50,30,20,Day,Snowy,No,001970,0135,7898180
001128,50,30,20,Day,Snowy,Yes,002315,0135,4034883
001129,50,30,20,Day,Normal,Yes,002824,0135,4828263
001130,50,36,14,Night,Snowy,Yes,005857,0135,4738202
001131,50,34,16,Day,Normal,Yes,000122,0136,5450791
001132,50,36,14,Night,Normal,No,000315,0136,6498286
001133,50,42,8,Day,Snowy,Yes,000414,0136,7057036
001134,50,36,14,Night,Normal,No,000505,0136,5220758
001135,50,30,20,Day,Normal,Yes,000776,0136,5668938
001136,50,42,8,Day,Normal,No,001009,0136,6441062
001137,50,49,1,Night,Snowy,No,001202,0136,4138619
001138,50,33,17,Night,Normal,Yes,001302,0136,5168887
001139,50,49,1,Day,Normal,Yes,001616,0136,5342888
001140,50,38,12,Day,Snowy,Yes,001967,0136,6534049
001141,50,36,14,Day,Normal,No,002324,0136,3572321
001142,50,49,1,Day,Normal,Yes,002606,0136,4144263
001143,50,47,3,Day,Normal,Yes,003544,0136,7430980
001144,50,39,11,Day,Snowy,Yes,004362,0136,3980331
001145,50,33,17,Day,Normal,Yes,000113,0137,3382088
001146,50,47,3,Day,Normal,Yes,000339,0137,8257139
001147,50,31,19,Day,Normal,Yes,001354,0137,5051549
001148,50,31,19,Day,Normal,No,001788,0137,7967611
001149,50,39,11,Night,Normal,Yes,001875,0137,7023697
001150,50,41,9,Day,Snowy,Yes,003144,0137,2966401
001151,50,30,20,Day,Snowy,Yes,003857,0137,6647869
001152,50,45,5,Night,Normal,No,003952,0137,4928403
001153,50,49,1,Day,Normal,No,004393,0137,4024459
001154,50,47,3,Night,Normal,Yes,005080,0137,4709674
001155,50,30,20,Night,Normal,No,000316,0138,7281172
001156,50,30,20,Day,Snowy,Yes,000499,0138,6319666
001157,50,34,16,Day,Normal,No,001162,0138,4064424
001158,50,30,20,Day,Normal,No,001788,0138,4258036
001159,50,39,11,Night,Normal,Yes,000245,0139,4326694
001160,50,47,3,Day,Normal,No,000578,0139,5170926
001161,50,34,16,Day,Snowy,No,000799,0139,4262264
001162,50,30,20,Day,Normal,No,000917,0139,4827221
001163,50,40,10,Day,Snowy,Yes,001294,0139,4968930
001164,50,49,1,Day,Normal,Yes,001356,0139,6589732
001165,50,44,6,Night,Normal,Yes,001441,0139,4231196
001166,50,34,16,Day,Normal,Yes,001664,0139,6354501
001167,50,39,11,Night,Snowy,Yes,001853,0139,2449911
001168,50,41,9,Day,Normal,No,001947,0139,7148776
001169,50,30,20,Day,Normal,No,002756,0139,9520531
001170,50,49,1,Day,Snowy,Yes,002959,0139,4857296
001171,50,38,12,Day,Normal,Yes,003259,0139,5597444
001172,50,33,17,Day,Normal,No,004801,0139,5300576
001173,50,36,14,Day,Normal,Yes,005912,0139,6601555
001174,50,46,4,Day,Snowy,No,000389,0140,5563392
001175,50,47,3,Day,Snowy,Yes,003681,0140,5484796
001176,50,49,1,Night,Snowy,No,003815,0140,5905004
001177,50,34,16,Day,Snowy,Yes,004592,0140,2984464
001178,50,31,19,Day,Snowy,No,001154,0140,4844388
001179,50,38,12,Day,Snowy,Yes,001390,0140,4620867
001180,50,39,11,Day,Snowy,No,002304,0140,4874612
001181,50,42,8,Day,Normal,Yes,000163,0141,5427962
001182,50,38,12,Night,Normal,Yes,000348,0141,4834755
001183,50,37,13,Day,Normal,No,000437,0141,3957378
001184,50,34,16,Day,Normal,No,001196,0141,5235343
001185,50,30,20,Day,Normal,No,003190,0141,3402417
001186,50,42,8,Day,Normal,No,003417,0141,5273004
001187,50,47,3,Day,Normal,Yes,003938,0141,4994941
001188,50,46,4,Day,Normal,Yes,000256,0142,4956991
001189,50,39,11,Day,Normal,Yes,000737,0142,6808190
001190,50,32,18,Day,Normal,No,000568,0142,4805573
001191,50,43,7,Day,Normal,No,004293,0142,7085546
001192,50,37,13,Day,Normal,Yes,000594,0143,6158785
001193,50,32,18,Day,Snowy,Yes,000820,0143,4101084
001194,50,42,8,Day,Snowy,Yes,001059,0143,5463742
001195,50,48,2,Night,Normal,Yes,001270,0143,4321801
001196,50,30,20,Day,Snowy,No,001817,0143,7457767
001197,50,30,20,Day,Normal,No,002706,0143,5732849
001198,50,45,5,Day,Normal,Yes,002789,0143,8974874
001199,50,34,16,Day,Normal,Yes,004265,0143,3995425
001200,50,47,3,Day,Normal,Yes,000108,0144,6119578
001201,50,37,13,Day,Rainy,Yes,000438,0144,5834059
001202,50,39,11,Day,Normal,Yes,001190,0144,5886386
001203,50,30,20,Day,Normal,No,002614,0144,4954852
001204,50,33,17,Day,Normal,No,004484,0144,5813908
001205,50,45,5,Day,Normal,No,001053,0145,7955567
001206,50,31,19,Day,Normal,Yes,001772,0145,4204071
001207,50,36,14,Day,Rainy,No,002026,0145,5326051
001208,50,38,12,Day,Normal,Yes,002526,0145,5704561
001209,50,39,11,Day,Rainy,No,002848,0145,4466702
001210,50,35,15,Night,Normal,No,005153,0145,5633728
001211,50,47,3,Night,Normal,No,006096,0145,4130189
001212,50,37,13,Day,Normal,Yes,000103,0146,4421427
001213,50,46,4,Day,Normal,Yes,000539,0146,6174799
001214,50,31,19,Day,Normal,Yes,001036,0146,4374658
001215,50,34,16,Day,Normal,No,001156,0146,4275957
001216,50,49,1,Day,Normal,Yes,001932,0146,7087231
001217,50,44,6,Day,Normal,Yes,002235,0146,4118902
001218,50,33,17,Day,Rainy,Yes,002958,0146,6161196
001219,50,39,11,Day,Normal,No,000355,0147,5211015
001220,50,33,17,Day,Normal,No,000579,0147,5126208
001221,50,40,10,Day,Normal,No,000975,0147,4092493
001222,50,34,16,Day,Normal,No,002955,0147,5101647
001223,50,33,17,Day,Normal,No,004615,0147,6459444
001224,50,33,17,Night,Normal,No,001304,0148,3242174
001225,50,43,7,Day,Normal,No,002127,0148,5392564
001226,50,32,18,Day,Rainy,Yes,003154,0148,2621034
001227,50,38,12,Day,Normal,Yes,003249,0148,4124809
001228,50,40,10,Day,Normal,No,003732,0148,7923953
001229,50,37,13,Day,Normal,Yes,000172,0149,4807180
001230,50,45,5,Day,Rainy,Yes,001524,0149,2943870
001231,50,41,9,Day,Normal,Yes,002429,0149,2933934
001232,50,31,19,Day,Normal,No,003482,0149,5700431
001233,50,42,8,Day,Normal,Yes,004062,0149,5917639
001234,50,40,10,Day,Normal,No,004688,0149,4129574
001235,50,38,12,Night,Normal,No,004809,0149,3674118
001236,50,49,1,Day,Normal,Yes,004900,0149,4630145
001237,50,30,20,Day,Normal,Yes,005075,0149,5660494
001238,50,35,15,Day,Normal,No,005360,0149,5822978
001239,50,38,12,Day,Normal,No,006529,0149,3308085
001240,50,35,15,Day,Normal,No,006781,0149,6216589
001241,50,38,12,Day,Normal,No,001072,0150,5272880
001242,50,38,12,Day,Rainy,No,001785,0150,5285976
001243,50,32,18,Day,Normal,No,003462,0150,4925140
001244,50,43,7,Day,Normal,Yes,004269,0150,9240254
001245,50,34,16,Day,Normal,No,005217,0150,5713678
001246,50,43,7,Day,Normal,Yes,007356,0150,8057334
001247,50,36,14,Day,Normal,Yes,000784,0151,7099036
001248,50,33,17,Day,Normal,Yes,000878,0151,4503223
001249,50,46,4,Day,Rainy,No,001387,0151,3985573
001250,50,35,15,Day,Normal,No,001658,0151,5329306
001251,50,30,20,Day,Normal,No,002505,0151,5529284
001252,50,44,6,Day,Normal,Yes,003079,0151,3743719
001253,50,42,8,Day,Normal,Yes,004548,0151,7554318
001254,50,42,8,Day,Normal,Yes,006626,0151,5364848
001255,50,30,20,Day,Normal,Yes,007446,0151,5316554
001256,50,34,16,Day,Normal,No,000298,0152,7369777
001257,50,43,7,Day,Normal,No,000685,0152,7926970
001258,50,35,15,Night,Normal,Yes,000981,0152,4580701
001259,50,35,15,Day,Normal,No,001087,0152,5111294
001260,50,46,4,Day,Rainy,Yes,001413,0152,3200457
001261,50,31,19,Day,Normal,Yes,001536,0152,3903227
001262,50,36,14,Day,Normal,No,001852,0152,6882863
001263,50,41,9,Day,Normal,Yes,002673,0152,7483047
001264,50,40,10,Day,Normal,Yes,003012,0152,4631292
001265,50,36,14,Day,Normal,Yes,005715,0152,6759910
001266,50,48,2,Day,Rainy,No,006597,0152,4054404
001267,50,49,1,Day,Normal,Yes,007994,0152,8005269
001268,50,43,7,Day,Normal,Yes,008366,0152,5530516
001269,50,48,2,Day,Normal,Yes,008535,0152,8139603
001270,50,46,4,Day,Normal,Yes,000648,0153,8267473
001271,50,30,20,Day,Normal,No,001801,0153,3365091
001272,50,41,9,Day,Normal,No,002192,0153,6770565
001273,50,35,15,Day,Normal,Yes,002363,0153,12837998
001274,50,47,3,Day,Normal,No,003236,0153,4249700
001275,50,30,20,Day,Normal,No,003342,0153,7268155
001276,50,31,19,Day,Normal,No,003450,0153,5722647
001277,50,42,8,Day,Normal,No,003777,0153,7244178
001278,50,33,17,Day,Rainy,Yes,007322,0153,3291729
001279,50,37,13,Day,Normal,Yes,007539,0153,3417839
001280,50,45,5,Day,Normal,Yes,007744,0153,6596998
001281,50,40,10,Day,Normal,No,000324,0154,3653508
001282,50,40,10,Day,Normal,Yes,000906,0154,5468328
001283,50,44,6,Day,Normal,No,000981,0154,5978006
001284,50,33,17,Day,Normal,No,001933,0154,7105374
001285,50,38,12,Day,Normal,No,002078,0154,5427970
001286,50,34,16,Day,Normal,Yes,002436,0154,4188623
001287,50,37,13,Day,Normal,No,005055,0154,6631036
001288,50,45,5,Night,Normal,Yes,008517,0154,5002857
001289,50,44,6,Day,Normal,No,002266,0155,5795340
001290,50,30,20,Day,Normal,No,003045,0155,5823085
001291,50,39,11,Day,Normal,Yes,006691,0155,3207576
001292,50,30,20,Night,Normal,Yes,006991,0155,4111581
001293,50,42,8,Day,Normal,No,007133,0155,6977509
001294,50,30,20,Day,Normal,No,000102,0156,6483291
001295,50,37,13,Day,Normal,No,000273,0156,11165538
001296,50,36,14,Day,Normal,No,000586,0156,5499339
001297,50,42,8,Day,Normal,Yes,000823,0156,5854668
001298,50,38,12,Day,Normal,Yes,001084,0156,5105923
001299,50,41,9,Day,Normal,No,001285,0156,7168377
001300,50,35,15,Day,Normal,No,001726,0156,6886093
001301,50,31,19,Day,Normal,Yes,001828,0156,5761704
001302,50,31,19,Day,Normal,No,001897,0156,5733515
001303,50,34,16,Day,Normal,No,002163,0156,4319580
001304,50,41,9,Day,Normal,No,002404,0156,5078689
001305,50,43,7,Day,Normal,Yes,002516,0156,9433018
001306,50,34,16,Day,Normal,Yes,002593,0156,5009769
001307,50,31,19,Day,Normal,Yes,002923,0156,6007971
001308,50,31,19,Day,Normal,Yes,003079,0156,7880078
001309,50,36,14,Day,Normal,Yes,003273,0156,8063588
001310,50,35,15,Day,Rainy,No,003856,0156,6323499
001311,50,48,2,Night,Normal,No,003953,0156,5744452
001312,50,34,16,Night,Normal,Yes,004170,0156,5472642
001313,50,41,9,Day,Normal,Yes,004439,0156,5918805
001314,50,38,12,Day,Normal,No,004621,0156,7169483
001315,50,30,20,Day,Normal,No,004811,0156,6083433
001316,50,38,12,Day,Normal,No,005270,0156,5774842
001317,50,32,18,Day,Normal,No,005457,0156,8551860
001318,50,30,20,Day,Normal,No,005656,0156,6524869
001319,50,31,19,Day,Normal,No,005942,0156,6247000
001320,50,32,18,Day,Normal,Yes,006110,0156,3814712
001321,50,30,20,Day,Normal,No,006199,0156,6360282
001322,50,36,14,Day,Normal,No,006629,0156,5688279
001323,50,40,10,Day,Rainy,Yes,007182,0156,4662182
001324,50,41,9,Day,Normal,Yes,007342,0156,3579436
001325,50,30,20,Day,Normal,Yes,007502,0156,8998071
001326,50,47,3,Day,Normal,Yes,007610,0156,6098581
001327,50,40,10,Day,Rainy,Yes,007726,0156,6969159
001328,50,31,19,Day,Normal,No,000273,0157,5630254
001329,50,46,4,Day,Normal,Yes,000424,0157,4932897
001330,50,30,20,Day,Normal,Yes,000603,0157,3657506
001331,50,49,1,Day,Normal,Yes,001068,0157,3833698
001332,50,38,12,Day,Normal,Yes,001875,0157,5187485
001333,50,32,18,Day,Normal,Yes,003873,0157,3859499
001334,50,46,4,Day,Normal,No,004172,0157,4269378
001335,50,31,19,Day,Normal,No,004602,0157,6093475
001336,50,33,17,Day,Normal,No,005081,0157,5510784
001337,50,32,18,Day,Rainy,No,005300,0157,7257126
001338,50,30,20,Night,Normal,Yes,006351,0157,4522680
001339,50,46,4,Day,Normal,No,006737,0157,4090229
001340,50,32,18,Day,Normal,No,006852,0157,5060060
001341,50,39,11,Day,Normal,Yes,008632,0157,3666505
001342,50,42,8,Day,Rainy,Yes,000398,0158,3862225
001343,50,39,11,Day,Normal,No,002078,0158,7780750
001344,50,30,20,Day,Normal,No,002920,0158,8387571
001345,50,32,18,Day,Normal,Yes,003671,0158,6494699
001346,50,35,15,Day,Normal,No,003804,0158,6143198
001347,50,30,20,Day,Normal,No,005312,0158,5542945
001348,50,30,20,Day,Rainy,No,005398,0158,6171479
001349,50,33,17,Day,Normal,Yes,005534,0158,7797634
001350,50,34,16,Day,Normal,Yes,007636,0158,5448123
001351,50,46,4,Day,Normal,No,000231,0159,8471771
001352,50,34,16,Night,Normal,Yes,000544,0159,5037673
001353,50,38,12,Day,Snowy,Yes,000883,0159,6252105
001354,50,32,18,Day,Normal,Yes,001221,0159,6649960
001355,50,42,8,Day,Normal,Yes,001370,0159,5361686
001356,50,34,16,Day,Rainy,No,001608,0159,4358142
001357,50,36,14,Day,Normal,Yes,002249,0159,7983961
001358,50,40,10,Day,Normal,No,002421,0159,3592975
001359,50,42,8,Day,Normal,Yes,002610,0159,7890215
001360,50,37,13,Day,Normal,Yes,002987,0159,4557610
001361,50,40,10,Day,Normal,No,003566,0159,8873794
001362,50,30,20,Day,Normal,Yes,006342,0159,5861893
001363,50,33,17,Day,Normal,Yes,006489,0159,8243734
001364,50,30,20,Night,Normal,Yes,007061,0159,3709227
001365,50,30,20,Day,Normal,No,002449,0160,6642891
001366,50,30,20,Day,Normal,No,002752,0160,6956273
001367,50,31,19,Day,Snowy,No,003734,0160,6371467
001368,50,38,12,Day,Normal,Yes,003833,0160,4663119
001369,50,39,11,Day,Normal,No,004038,0160,5428212
001370,50,30,20,Day,Normal,Yes,004736,0160,6214435
001371,50,31,19,Night,Normal,Yes,005269,0160,2705852
001372,50,38,12,Day,Normal,No,006512,0160,7275368
001373,50,30,20,Day,Normal,No,006762,0160,4468457
001374,50,34,16,Day,Normal,No,006930,0160,6492925
001375,50,32,18,Day,Normal,No,007448,0160,6023743
001376,50,30,20,Day,Rainy,Yes,007568,0160,3648666
001377,50,32,18,Day,Normal,No,000116,0161,5493527
001378,50,30,20,Day,Normal,No,000212,0161,17130504
001379,50,38,12,Day,Normal,No,000283,0161,5943657
001380,50,35,15,Day,Normal,Yes,000648,0161,4977026
001381,50,32,18,Day,Normal,No,000774,0161,5435919
001382,50,33,17,Day,Normal,Yes,000968,0161,5750856
001383,50,34,16,Day,Normal,Yes,001162,0161,9599369
001384,50,30,20,Day,Normal,No,001245,0161,5505862
001385,50,38,12,Night,Rainy,Yes,001808,0161,3378199
001386,50,32,18,Day,Rainy,No,002082,0161,7583181
001387,50,38,12,Day,Normal,No,002722,0161,8109267
001388,50,42,8,Day,Normal,Yes,002967,0161,3928463
001389,50,42,8,Day,Normal,No,003091,0161,4283701
001390,50,30,20,Day,Rainy,No,003230,0161,8331877
001391,50,40,10,Day,Normal,No,003703,0161,6017797
001392,50,32,18,Day,Snowy,Yes,003956,0161,3521778
001393,50,37,13,Day,Normal,No,004205,0161,7104538
001394,50,33,17,Day,Snowy,Yes,004946,0161,5419399
001395,50,31,19,Night,Rainy,Yes,005013,0161,3739765
001396,50,35,15,Day,Normal,Yes,005099,0161,7480786
001397,50,36,14,Day,Normal,Yes,005241,0161,6726948
001398,50,33,17,Day,Normal,No,000174,0162,5137706
001399,50,35,15,Day,Normal,Yes,000236,0162,5201920
001400,50,33,17,Night,Normal,Yes,000324,0162,3972465
001401,50,36,14,Day,Normal,No,000489,0162,4907454
001402,50,47,3,Day,Normal,No,001046,0162,7644198
001403,50,31,19,Night,Snowy,Yes,001328,0162,3540740
001404,50,43,7,Day,Normal,Yes,001684,0162,6462614
001405,50,37,13,Day,Normal,Yes,001801,0162,4086137
001406,50,36,14,Day,Normal,Yes,001905,0162,6273506
001407,50,37,13,Day,Normal,No,002019,0162,4610042
001408,50,42,8,Day,Normal,Yes,002347,0162,5988194
001409,50,40,10,Day,Normal,No,002433,0162,4481323
001410,50,30,20,Day,Normal,No,003688,0162,5587164
001411,50,47,3,Night,Snowy,Yes,003906,0162,4923503
001412,50,35,15,Day,Normal,Yes,004010,0162,4082911
001413,50,39,11,Day,Normal,No,004553,0162,4921954
001414,50,42,8,Day,Normal,No,004814,0162,5423772
001415,50,37,13,Day,Snowy,Yes,005313,0162,3937093
001416,50,46,4,Day,Normal,Yes,005418,0162,4529668
001417,50,30,20,Day,Snowy,Yes,005541,0162,8249917
001418,50,33,17,Day,Snowy,No,005932,0162,4041999
001419,50,46,4,Day,Normal,No,006062,0162,6534766
001420,50,35,15,Day,Rainy,No,006180,0162,5705247
001421,50,43,7,Day,Normal,No,006592,0162,7717194
001422,50,44,6,Day,Snowy,Yes,000179,0163,5313532
001423,50,44,6,Day,Normal,Yes,000669,0163,5263360
001424,50,34,16,Day,Normal,Yes,001168,0163,6430256
001425,50,46,4,Day,Normal,No,002359,0163,8789348
001426,50,36,14,Day,Normal,No,003062,0163,5742433
001427,50,30,20,Day,Rainy,Yes,003307,0163,8988663
001428,50,37,13,Day,Normal,Yes,003634,0163,6711599
001429,50,46,4,Day,Snowy,Yes,003718,0163,4385670
001430,50,30,20,Day,Rainy,Yes,003843,0163,6158426
001431,50,30,20,Day,Snowy,No,003921,0163,5000860
001432,50,45,5,Day,Rainy,No,004038,0163,4700452
001433,50,32,18,Day,Normal,No,004169,0163,4771798
001434,50,33,17,Night,Normal,No,005122,0163,6123367
001435,50,31,19,Day,Normal,No,005376,0163,5199054
001436,50,36,14,Day,Snowy,No,000503,0164,3347932
001437,50,36,14,Night,Normal,No,001225,0164,7516533
001438,50,36,14,Day,Normal,No,001567,0164,4929026
001439,50,39,11,Night,Snowy,Yes,001850,0164,3086420
001440,50,35,15,Day,Normal,No,001929,0164,4307594
001441,50,31,19,Day,Normal,Yes,002145,0164,7840095
001442,50,46,4,Day,Normal,No,002394,0164,4590778
001443,50,43,7,Day,Normal,No,002636,0164,4895793
001444,50,30,20,Day,Normal,No,002762,0164,5027507
001445,50,33,17,Day,Normal,Yes,003136,0164,7281270
001446,50,48,2,Day,Snowy,Yes,003318,0164,5864115
001447,50,41,9,Day,Snowy,No,003496,0164,3557472
001448,50,39,11,Day,Snowy,No,003723,0164,9501649
001449,50,37,13,Day,Normal,No,004016,0164,6940757
001450,50,30,20,Day,Normal,No,000102,0165,4736061
001451,50,46,4,Day,Snowy,No,000209,0165,3850423
001452,50,32,18,Day,Normal,Yes,000327,0165,10042286
001453,50,38,12,Day,Rainy,No,000422,0165,4980880
001454,50,37,13,Day,Normal,Yes,001021,0165,5664451
001455,50,35,15,Day,Snowy,Yes,001218,0165,5498571
001456,50,32,18,Day,Normal,No,001520,0165,5619448
001457,50,48,2,Day,Normal,No,001607,0165,5135080
001458,50,43,7,Day,Normal,Yes,001802,0165,4120949
001459,50,40,10,Day,Normal,Yes,002350,0165,3882933
001460,50,33,17,Day,Normal,No,002537,0165,5052840
001461,50,49,1,Day,Normal,Yes,002640,0165,4568492
001462,50,49,1,Day,Snowy,No,002735,0165,6654741
001463,50,30,20,Day,Normal,Yes,003150,0165,4160750
001464,50,37,13,Night,Snowy,Yes,003429,0165,4481521
001465,50,33,17,Day,Normal,No,003802,0165,4365997
001466,50,30,20,Day,Normal,No,003983,0165,8239143
001467,50,36,14,Day,Snowy,Yes,000121,0166,3966066
001468,50,45,5,Day,Normal,No,000201,0166,5897899
001469,50,35,15,Day,Snowy,Yes,000391,0166,8450827
001470,50,41,9,Day,Rainy,Yes,000842,0166,5115532
001471,50,30,20,Day,Normal,No,001430,0166,5530363
001472,50,40,10,Day,Snowy,No,001541,0166,4670781
001473,50,44,6,Day,Snowy,Yes,001765,0166,4746502
001474,50,39,11,Day,Snowy,No,002064,0166,4357936
001475,50,30,20,Day,Snowy,Yes,002556,0166,5452043
001476,50,34,16,Day,Normal,Yes,003476,0166,6498014
001477,50,31,19,Day,Snowy,Yes,000112,0167,6923063
001478,50,49,1,Day,Snowy,Yes,000370,0167,3183345
001479,50,30,20,Day,Snowy,Yes,000513,0167,4094458
001480,50,45,5,Day,Snowy,No,000937,0167,5082160
001481,50,33,17,Day,Snowy,Yes,001682,0167,3351879
001482,50,38,12,Day,Normal,No,002215,0167,9413145
001483,50,41,9,Day,Normal,No,002682,0167,4772146
001484,50,45,5,Day,Normal,No,002971,0167,6801939
001485,50,41,9,Night,Normal,Yes,003834,0167,4484526
001486,50,37,13,Day,Snowy,Yes,004186,0167,7784104
001487,50,48,2,Day,Snowy,No,004275,0167,5168573
001488,50,34,16,Day,Snowy,No,000102,0168,5283650
001489,50,37,13,Day,Normal,Yes,000340,0168,3810668
001490,50,33,17,Day,Normal,No,000523,0168,4807878
001491,50,37,13,Day,Snowy,No,003790,0168,4528785
001492,50,38,12,Day,Snowy,Yes,004728,0168,6154658
001493,50,32,18,Day,Snowy,No,004961,0168,4738823
001494,50,47,3,Day,Snowy,Yes,005172,0168,2872573
001495,50,35,15,Day,Normal,Yes,000485,0169,5721681
001496,50,45,5,Day,Snowy,Yes,002116,0169,8378338
001497,50,48,2,Day,Normal,Yes,002591,0169,5981726
001498,50,47,3,Day,Snowy,Yes,004798,0169,5651918
001499,50,45,5,Day,Snowy,No,000548,0170,5265751
001500,50,45,5,Day,Normal,Yes,000799,0170,6383057
