path,dataset,category,extension,bytes,mime,sha256
.gitattributes,root,other,,1089,,628ca2fda0dfcb0c5b20020bffb2c8b3c95c4e557036b7b27797cd3cb28e292d
.gitignore,root,other,,1859,,5842f0f9e9bb9f456ca073357190c2967c4366259852b344ca87cf57dee9ec32
AGENTS.md,root,document,.md,5534,,c07306a58c2b2421d8d332cb421963518829a580edc08b2e624dd81dc8e45834
Makefile,root,other,,2912,,260c7934468c07a2be9b3f102fb5f756c34221d8597662fecb8e27cff150c4ee
README.md,root,document,.md,8633,,cf431530262565593c57f7707827a2a50790e7efd1f83af24bea72aac0aaced1
requirements-tools.txt,root,document,.txt,183,text/plain,acf3270c9366b8234a60c77430ff16faa4aa36c3cdfe38fd939edbc230b1f8be
baseline/baseline_inference.ipynb,baseline,notebook,.ipynb,34434,,90290ac5978937ca23ea269952b0b13f162b99c79c9509e8a087fbdbd3052aa1
baseline/baseline_train.ipynb,baseline,notebook,.ipynb,10059,,87e72ce5525da317d5b699dba5de2bbc18d0d90f21e013d6b402ba70e5d821f9
baseline/requirements.txt,baseline,document,.txt,105,text/plain,e3c914f4173e20cdfcb1782b04885af98bf84833f84155648e852b4338af9b3c
data/SOURCES.md,competition_SOURCES.md,document,.md,648,,3242417074f50b21994831f5a5d6a522b45a36de5bab693b7a25e32023e3772d
data/external/Crash_Table.csv,CCD,table,.csv,202289,text/csv,4036cda8ce250f91b2ae511bdd9fd3d752ad246f16c535f5dde23777510241a8
data/external/comma2k19/.gitignore,comma2k19,other,,1203,,a2ebfecdb6c1b58267fbe97e6e2ac02c2b963df7673fc1047270f0f0cff16732
data/external/comma2k19/.gitmodules,comma2k19,other,,90,,80d9c901d629ac419bd8ce0cb33ac64fabd62a211f213650903027dc755f4413
data/external/comma2k19/Dockerfile,comma2k19,other,,336,,bf5bbbc12c638a0b03c48c269c35a21150f94770344bc5767bc2a0cdb5ab575f
data/external/comma2k19/LICENSE,comma2k19,other,,1065,,71381aa1c6d9e374bfa7f7797f745c0d09fdb52ce1ee9dcae6ca618217b248d4
data/external/comma2k19/README.md,comma2k19,document,.md,7405,,c4dd5833ea9dc1530c18e8a1c3edd13345d9e139d4c8357e319c33c8a4442a34
data/external/comma2k19/requirements.txt,comma2k19,document,.txt,334,text/plain,02eadb2167d6cd8ef6331d4468bb9177b3fa2dc5c5ca3a8c7ff15252f8451495
data/external/comma2k19/.github/workflows/main.yml,comma2k19,other,.yml,697,,20f7d09944d4e75658d8e189ff2b107f4879bf524b588ffb05907107520e8173
data/external/comma2k19/Example_1/b0c9d2329ad1606b|2018-08-02--08-34-47/40/preview.png,comma2k19,image,.png,496734,image/png,88a6f0e4d1ebfd4ad98f99287a3026187bf95b487356817b1fe541851bb69970
data/external/comma2k19/Example_1/b0c9d2329ad1606b|2018-08-02--08-34-47/40/raw_log.bz2,comma2k19,other,.bz2,6883752,,b53a8731c2f7d0f6b1d1cdcf9764cb47321130d8f434603695df69911c71a4bd
data/external/comma2k19/Example_1/b0c9d2329ad1606b|2018-08-02--08-34-47/40/video.hevc,comma2k19,video,.hevc,37491754,,1551393e01bea2dc149d7f01dcbea6e7909f1436b0ddcacf8a3bc5654335cb87
data/external/comma2k19/Example_1/b0c9d2329ad1606b|2018-08-02--08-34-47/40/global_pose/frame_gps_times,comma2k19,other,,19328,,e275dc136ac742a58191ca58b103e5361246197a241647bc07b1f928395fc5b4
data/external/comma2k19/Example_1/b0c9d2329ad1606b|2018-08-02--08-34-47/40/global_pose/frame_orientations,comma2k19,other,,38528,,0eee212a8a1e6cc79978d84217aba068bd3ab9f441a6c1eebb51052ba698d1bb
data/external/comma2k19/Example_1/b0c9d2329ad1606b|2018-08-02--08-34-47/40/global_pose/frame_positions,comma2k19,other,,28928,,85864c9632030f5b6f0a6a8a78f2c9079e7555725d38a28ae029ed5dd4fc9057
data/external/comma2k19/Example_1/b0c9d2329ad1606b|2018-08-02--08-34-47/40/global_pose/frame_times,comma2k19,other,,9728,,2bec8428f9302b30a7edef3b86de0bc797c77e6964f404b3d982af1ce4dfcb5d
data/external/comma2k19/Example_1/b0c9d2329ad1606b|2018-08-02--08-34-47/40/global_pose/frame_velocities,comma2k19,other,,28928,,2e2a3b5d222153b440db70b34ea91e4f0eda661d4b139f16d7b057754cd978c2
data/external/comma2k19/Example_1/b0c9d2329ad1606b|2018-08-02--08-34-47/40/processed_log/CAN/radar/t,comma2k19,other,,80928,,b41517d6f7081b389b9726208d1b100f052f80ea28fd589562067c53fbb7d3db
data/external/comma2k19/Example_1/b0c9d2329ad1606b|2018-08-02--08-34-47/40/processed_log/CAN/radar/value,comma2k19,other,,565728,,4f4dddddf2a890aa4bb8acb83e3523327d3c9c1e6f327ac936754beabca4b6f9
data/external/comma2k19/Example_1/b0c9d2329ad1606b|2018-08-02--08-34-47/40/processed_log/CAN/raw_can/address,comma2k19,other,,1083872,,581d1e63b955b1218b3c4d667878e2c30f67c979df2c5b046f76c4741be0dd5e
data/external/comma2k19/Example_1/b0c9d2329ad1606b|2018-08-02--08-34-47/40/processed_log/CAN/raw_can/data,comma2k19,other,,1083872,,04842858174a318e441f6a1e3f38583d52be135327a43de1e51750ce5cea4938
data/external/comma2k19/Example_1/b0c9d2329ad1606b|2018-08-02--08-34-47/40/processed_log/CAN/raw_can/src,comma2k19,other,,1083872,,c2ac62cdcb420cd416073f3c30eaaefb51307f2a6ab45e0e4f86eca09c14a935
data/external/comma2k19/Example_1/b0c9d2329ad1606b|2018-08-02--08-34-47/40/processed_log/CAN/raw_can/t,comma2k19,other,,1083872,,57ee5a9875ac96c08e0e5be94a6e4529fa46bb675cbed1727837f98bcafbba79
data/external/comma2k19/Example_1/b0c9d2329ad1606b|2018-08-02--08-34-47/40/processed_log/CAN/speed/t,comma2k19,other,,39920,,53d2a88becfc45f9dcb804f2f78436f2bb6246d80386ff18ded10af679d5d6f3
data/external/comma2k19/Example_1/b0c9d2329ad1606b|2018-08-02--08-34-47/40/processed_log/CAN/speed/value,comma2k19,other,,39920,,ba40ded2c9d2a6d5f98801f5438d0cb5d811ccf1444e3a3f680d7addb707551f
data/external/comma2k19/Example_1/b0c9d2329ad1606b|2018-08-02--08-34-47/40/processed_log/CAN/steering_angle/t,comma2k19,other,,39920,,eb489c74b52cebccd30b803860d70aaafc44801a44b93e72585d602a982dbfc7
data/external/comma2k19/Example_1/b0c9d2329ad1606b|2018-08-02--08-34-47/40/processed_log/CAN/steering_angle/value,comma2k19,other,,39920,,6af86fe2fce790c6d3a51d512c625e4766699f473ec13207ea043c08d83a6bea
data/external/comma2k19/Example_1/b0c9d2329ad1606b|2018-08-02--08-34-47/40/processed_log/CAN/wheel_speed/t,comma2k19,other,,39920,,53d2a88becfc45f9dcb804f2f78436f2bb6246d80386ff18ded10af679d5d6f3
data/external/comma2k19/Example_1/b0c9d2329ad1606b|2018-08-02--08-34-47/40/processed_log/CAN/wheel_speed/value,comma2k19,other,,159296,,021dd8d0ac5029b34d3d2ddfc53c2654944baf57da4cb45d7ac4b0f995c69d2f
data/external/comma2k19/Example_1/b0c9d2329ad1606b|2018-08-02--08-34-47/40/processed_log/GNSS/live_gnss_qcom/t,comma2k19,other,,368,,b6235345d9e056975660a6f8bba19281d2e3a3f40f614a3df9cd319bd7ab528b
data/external/comma2k19/Example_1/b0c9d2329ad1606b|2018-08-02--08-34-47/40/processed_log/GNSS/live_gnss_qcom/value,comma2k19,other,,1568,,1b544d6597976d494c40bddcbc36fc3020f7b00611dee7f4ba452200db0ea428
data/external/comma2k19/Example_1/b0c9d2329ad1606b|2018-08-02--08-34-47/40/processed_log/GNSS/live_gnss_ublox/t,comma2k19,other,,4760,,238794a8b336a9dc69e6787116d6e8fe4ce9013e4f454ca2bcde010b43011e95
data/external/comma2k19/Example_1/b0c9d2329ad1606b|2018-08-02--08-34-47/40/processed_log/GNSS/live_gnss_ublox/value,comma2k19,other,,27920,,1136d8819a640d482c06ed6460efdb84a625ddf765ed581b1cf28f030dabfff3
data/external/comma2k19/Example_1/b0c9d2329ad1606b|2018-08-02--08-34-47/40/processed_log/GNSS/raw_gnss_qcom/t,comma2k19,other,,4928,,b994638a16fc14c8b5561ce2e50a342490f722eab7c618eb2aec50f51522099e
data/external/comma2k19/Example_1/b0c9d2329ad1606b|2018-08-02--08-34-47/40/processed_log/GNSS/raw_gnss_qcom/value,comma2k19,other,,48128,,9c0b72b83ab20617fe774ac3dcf23fe24f597ab2112a3b908d6539149295fdf4
data/external/comma2k19/Example_1/b0c9d2329ad1606b|2018-08-02--08-34-47/40/processed_log/GNSS/raw_gnss_ublox/t,comma2k19,other,,73952,,1189929515072dbb3f2b87a4cca60fdf8d62f03ae20e448c6ed62aeb10438562
data/external/comma2k19/Example_1/b0c9d2329ad1606b|2018-08-02--08-34-47/40/processed_log/GNSS/raw_gnss_ublox/value,comma2k19,other,,738368,,369d0a467aad1a45b8d7910629c282d15f7d421dd8f33b34bc02ba97ac909576
data/external/comma2k19/Example_1/b0c9d2329ad1606b|2018-08-02--08-34-47/40/processed_log/IMU/accelerometer/t,comma2k19,other,,50176,,9df28fe965d5936bb91a020b688e35304ee4b823e388cb814d077b1f934a8558
data/external/comma2k19/Example_1/b0c9d2329ad1606b|2018-08-02--08-34-47/40/processed_log/IMU/accelerometer/value,comma2k19,other,,150272,,313949234c212c4f02b0a7c5f1c14173ac2b4dac50297782f50dc4e43fc9579b
data/external/comma2k19/Example_1/b0c9d2329ad1606b|2018-08-02--08-34-47/40/processed_log/IMU/gyro/t,comma2k19,other,,50176,,9df28fe965d5936bb91a020b688e35304ee4b823e388cb814d077b1f934a8558
data/external/comma2k19/Example_1/b0c9d2329ad1606b|2018-08-02--08-34-47/40/processed_log/IMU/gyro/value,comma2k19,other,,150272,,7af1d2f8b2ec8b78a0af59dde3a3e40bf8a8d425fb0c96a7fc71cadc0830b50c
data/external/comma2k19/Example_1/b0c9d2329ad1606b|2018-08-02--08-34-47/40/processed_log/IMU/gyro_bias/t,comma2k19,other,,50176,,9df28fe965d5936bb91a020b688e35304ee4b823e388cb814d077b1f934a8558
data/external/comma2k19/Example_1/b0c9d2329ad1606b|2018-08-02--08-34-47/40/processed_log/IMU/gyro_bias/value,comma2k19,other,,150272,,1c3dce954b63d437c16c76d7c1df91ea4c8c58fb8edcc06e5c3de5cee35d9859
data/external/comma2k19/Example_1/b0c9d2329ad1606b|2018-08-02--08-34-47/40/processed_log/IMU/gyro_uncalibrated/t,comma2k19,other,,50176,,9df28fe965d5936bb91a020b688e35304ee4b823e388cb814d077b1f934a8558
data/external/comma2k19/Example_1/b0c9d2329ad1606b|2018-08-02--08-34-47/40/processed_log/IMU/gyro_uncalibrated/value,comma2k19,other,,150272,,7f0020194f66c06922d3b34890407db3790da5a83a6e6c9c0b0f01d8f19e279c
data/external/comma2k19/Example_1/b0c9d2329ad1606b|2018-08-02--08-34-47/40/processed_log/IMU/magnetometer/t,comma2k19,other,,4864,,6dd128290581bbd86f6998eb4fc4590c7e1300dab9eafc938ccd72a100b34bbb
data/external/comma2k19/Example_1/b0c9d2329ad1606b|2018-08-02--08-34-47/40/processed_log/IMU/magnetometer/value,comma2k19,other,,14336,,3561b468184a4ae695f7fc1e11c96d1032e5bb725b85b29cc05fcbd943ffc901
data/external/comma2k19/Example_1/b0c9d2329ad1606b|2018-08-02--08-34-47/40/processed_log/IMU/magnetometer_uncalibrated/t,comma2k19,other,,4864,,6dd128290581bbd86f6998eb4fc4590c7e1300dab9eafc938ccd72a100b34bbb
data/external/comma2k19/Example_1/b0c9d2329ad1606b|2018-08-02--08-34-47/40/processed_log/IMU/magnetometer_uncalibrated/value,comma2k19,other,,14336,,93db4146db941251fc6c8c8cde4351140e7b8b053e906afc010e0830afc6cbc9
data/external/comma2k19/assets/merged.png,comma2k19,image,.png,1902291,image/png,29d1d123858c194c3bfaa4267f3d3f790b7695cd11d7a4fbb3e003b6263d6a97
data/external/comma2k19/assets/testmesh3d.png,comma2k19,image,.png,1351043,image/png,feb4003456470d8d59e94ab07face337a5119ffed1da27b6fd8f55f8eb0ce88e
data/external/comma2k19/notebooks/camera_intrinsics.txt,comma2k19,document,.txt,48,text/plain,5cd6a5eeeb97e5550b6daff947dce7588f036d2c2b017462f85bc9e9862323c2
data/external/comma2k19/notebooks/frame_positions_rav4,comma2k19,other,,10879088,,1dd9896602aa0ebfe55c1ed8c31625fb97e75318eb70774e34dafbd2654027a2
data/external/comma2k19/notebooks/position_benchmark.ipynb,comma2k19,notebook,.ipynb,35084,,024729f0c4f803e5d3f1d0f6f1b739fe04953c874e4527fc1721aaf1a6a2b96e
data/external/comma2k19/notebooks/processed_readers.ipynb,comma2k19,notebook,.ipynb,677628,,216e8b6721e2b2da14dcd30c0818de541b1b464404a1bd91ae04542717b40e86
data/external/comma2k19/notebooks/raw_readers.ipynb,comma2k19,notebook,.ipynb,435341,,4c9f619390c0667216423b23f86b82f0df1a692a756c5af8ce962d19cba1b15d
data/external/comma2k19/utils/__init__.py,comma2k19,code,.py,0,text/x-python,e3b0c44298fc1c149afbf4c8996fb92427ae41e4649b934ca495991b7852b855
data/external/comma2k19/utils/benchmarks.py,comma2k19,code,.py,2331,text/x-python,ab6bc5d41d13dd19e520ef046f738f8f2cfd823947eaa900a818d1c3c02a7cfe
data/external/comma2k19/utils/camera.py,comma2k19,code,.py,4014,text/x-python,f59055e758e25de2fc799ac46dfe250228fa1e7df6d40833d0026a9c66f286f9
data/external/comma2k19/utils/coordinates.py,comma2k19,code,.py,3465,text/x-python,4e874365d93fc5d62abca4f3cd19b9d0de17e6c3dda2f39334242c7b9c0ff88d
data/external/comma2k19/utils/dataset.py,comma2k19,code,.py,2021,text/x-python,4fc2bb6b3e7ce8007a77e5e41854e6dc930f6778b25cf885102b352bb1535c29
data/external/comma2k19/utils/orientation.py,comma2k19,code,.py,8991,text/x-python,068c781a23c159179949cd567a55d393912623ee543bb135d8c93c9144628f4f
data/external/comma2k19/utils/unzip_msft_fs.py,comma2k19,code,.py,3254,text/x-python,385e68a178b5182faf046e9acd3431106450feb06cfe249e0e3d331aec6d3885
data/stage1/labels.csv,competition_stage1,labels,.csv,484,text/csv,712aad15cd20cd17c77e168384aa73fe27d4d26c1cedddb4fd379e9c9760324e
data/stage1/videos/original/000001.mp4,competition_stage1,video,.mp4,526859,video/mp4,877b6804d709acd31a8e7c4843590d674d3877fffab3d8c076332462787d2179
data/stage1/videos/original/000002.mp4,competition_stage1,video,.mp4,286879,video/mp4,11400de54cd39aaaf96c9ec0a47566f15dc5db86166e4d620e5a53a341252662
data/stage1/videos/original/000003.mp4,competition_stage1,video,.mp4,427410,video/mp4,37aa2954975cb3de5263edc5084d7fb10512db055d5eb5eaf226d0ef94c1c003
data/stage1/videos/original/000004.mp4,competition_stage1,video,.mp4,305244,video/mp4,beeb68a9eeeccb610030fc06fd898551321532f1961eadc82ac5fe7ec893c93b
data/stage1/videos/original/000005.mp4,competition_stage1,video,.mp4,363811,video/mp4,9753763c372b7bf2526a38fc60835dcab9cbe725ed984d1cb32a10c349fb0caf
data/stage1/videos/rerecorded/000001.mp4,competition_stage1,video,.mp4,1029884,video/mp4,e7bced4cb87a0a778584f5cb04624ca3c53138ee657db9d28a9b33cd94460c98
data/stage1/videos/rerecorded/000002.mp4,competition_stage1,video,.mp4,616068,video/mp4,a2cfefb07f354ed469314cd8ee1b5a0f23b087a74abbdc878d44f16c98c1257d
data/stage1/videos/rerecorded/000003.mp4,competition_stage1,video,.mp4,934964,video/mp4,475146cbbdd77fed97916d62aa65de45e7ed2b456b181331a6a34ff6a3c11353
data/stage1/videos/rerecorded/000004.mp4,competition_stage1,video,.mp4,674416,video/mp4,5b8e36586ebc9dcc7f454806996aa56eb10c3b561480d2688f4c81d0db6c139f
data/stage1/videos/rerecorded/000005.mp4,competition_stage1,video,.mp4,815289,video/mp4,78e60339638c58c07af33d03fedd8076d7014eb16f62c3baeb8c067730907011
data/stage2/labels.csv,competition_stage2,labels,.csv,238,text/csv,219042b87fea97551c929ca150b003890567441e005a4a8cc19ef7dbc61539e8
data/stage2/images/000001/frame_000000.jpg,competition_stage2,image,.jpg,41118,image/jpeg,d3fd51c691825be184ce8bf325742564a8cfd4a0dd2b192e9468b05d7ec11384
data/stage2/images/000001/frame_000001.jpg,competition_stage2,image,.jpg,69128,image/jpeg,159141f7266bdfb0a9dcd21204c9a5227d1de006bcb636664d0b8e09a6d6671e
data/stage2/images/000001/frame_000002.jpg,competition_stage2,image,.jpg,68650,image/jpeg,d992b02ab5ccff695f07e93981f97fc94a31e3bd65cc08bda0eb56e2c156311c
data/stage2/images/000001/frame_000003.jpg,competition_stage2,image,.jpg,66923,image/jpeg,773953b1225d16140ef225fecc31ebdcd851afaf4d290710738db42d15b45863
data/stage2/images/000001/frame_000004.jpg,competition_stage2,image,.jpg,62285,image/jpeg,1473a8e717342629a90e612a3616b995005c797bfd47986e9e36d8935ec66609
data/stage2/images/000001/frame_000005.jpg,competition_stage2,image,.jpg,61695,image/jpeg,9dd2713334cb2767bba8b00f951669395b53189871df90462717b9771be41b6f
data/stage2/images/000001/frame_000006.jpg,competition_stage2,image,.jpg,60566,image/jpeg,535cb63cb43c867c59991741972292443bb3438dde790b5d1584a486144ba30d
data/stage2/images/000001/frame_000007.jpg,competition_stage2,image,.jpg,63394,image/jpeg,8ca066fa83d33c4b65eeffb8a08331cc71e8d3902298fc9fca97d8dca431ade5
data/stage2/images/000001/frame_000008.jpg,competition_stage2,image,.jpg,64511,image/jpeg,f8dd8a5533c81bf471ae4459b6ed08eaa1ce6d620528840dcfe8044e5f3b8834
data/stage2/images/000001/frame_000009.jpg,competition_stage2,image,.jpg,67728,image/jpeg,7dcb806958543347ef7099526005f19a76fd9eeb05dceb551674f420e413dbd8
data/stage2/images/000001/frame_000010.jpg,competition_stage2,image,.jpg,59967,image/jpeg,7a4982f6aabfc2c48a60012debc424283c07b1a5d5e415f8d9acda41a620a392
data/stage2/images/000001/frame_000011.jpg,competition_stage2,image,.jpg,55229,image/jpeg,3cc420e5bfef8eef1110a7fe2a465fe9ee5c0273fed022d5f7a8c4d29d237c50
data/stage2/images/000001/frame_000012.jpg,competition_stage2,image,.jpg,20376,image/jpeg,c98866e6dc32c1a2f99c9fb43b1e41056165f29c3021fcc847a68708214f070d
data/stage2/images/000001/frame_000013.jpg,competition_stage2,image,.jpg,53187,image/jpeg,c6ee7c7f68f54eb6871025d95ab7bedcba884b7111a8ba4f28a65628b6f0442b
data/stage2/images/000001/frame_000014.jpg,competition_stage2,image,.jpg,68152,image/jpeg,5ebfe6ae7ebf941e58a8ff0bc5d36e5482f0697bffec8eed25da57dcba27a46c
data/stage2/images/000001/frame_000015.jpg,competition_stage2,image,.jpg,47781,image/jpeg,5ee1a6f6c5e6350110c805b478ff967a0fc0c302d2527696ffa7a31f37977f91
data/stage2/images/000001/frame_000016.jpg,competition_stage2,image,.jpg,52922,image/jpeg,031d5f3907d345f6635a66d676d31abc853d35bf5640cc58bed66ffc567f5616
data/stage2/images/000001/frame_000017.jpg,competition_stage2,image,.jpg,53658,image/jpeg,17491e71588ae0f65579991182359dcc415185c1a6f874bd9179cd155193a1dc
data/stage2/images/000001/frame_000018.jpg,competition_stage2,image,.jpg,43313,image/jpeg,09763de9e5a948ee44398da01382b15db8d43bb9d8bb20e6050258361a880089
data/stage2/images/000001/frame_000019.jpg,competition_stage2,image,.jpg,46533,image/jpeg,cbe366a85a28a72217331c855142bd3207a0cd47ba93048e4f415a7e9a72cf57
data/stage2/images/000001/frame_000020.jpg,competition_stage2,image,.jpg,55199,image/jpeg,0a32dbabb10aa3497a532be739180682c69d200449329854824df48306001b98
data/stage2/images/000001/frame_000021.jpg,competition_stage2,image,.jpg,50049,image/jpeg,11f0c7ea64e2f7ec3434893c5eadc2cbca1431c91d7f3efed728a43bed610828
data/stage2/images/000001/frame_000022.jpg,competition_stage2,image,.jpg,54128,image/jpeg,c410607687da74b7005963d078331aa4a1fb71a83d6edcf923c8e110c1ef0ef8
data/stage2/images/000001/frame_000023.jpg,competition_stage2,image,.jpg,58552,image/jpeg,0a582551c45dbbdcd5a02e56f6c323b1977da664fb25fde7910150f76bb8e6b2
data/stage2/images/000001/frame_000024.jpg,competition_stage2,image,.jpg,17908,image/jpeg,60d94b1ad9aa0b1dad18bdbb68fe83d4a7930a4be2e7f19ff39d4e3ae8063072
data/stage2/images/000001/frame_000025.jpg,competition_stage2,image,.jpg,47762,image/jpeg,ed671d0c3802042760136339cff55c38a67a94c5d01c0ebbf694030dad58a770
data/stage2/images/000001/frame_000026.jpg,competition_stage2,image,.jpg,55891,image/jpeg,32441b861b0b87fd8beaed31725542beb67cb0b7b7da82ed4beb6f55362e97e5
data/stage2/images/000001/frame_000027.jpg,competition_stage2,image,.jpg,54446,image/jpeg,92a25f7eb7b2b112df617326ad455c523d0501578a34a86645fa9c9eeffd671c
data/stage2/images/000001/frame_000028.jpg,competition_stage2,image,.jpg,55449,image/jpeg,e4b2a3c13d1b8c94aed6848e087076fa133e1419e9591d46408c5382281a6154
data/stage2/images/000001/frame_000029.jpg,competition_stage2,image,.jpg,53987,image/jpeg,83076354b88e3c366a3ad892df613f00459e8ab76faf9dc01745ff2bd784823c
data/stage2/images/000001/frame_000030.jpg,competition_stage2,image,.jpg,60180,image/jpeg,683fd2a85a73de1abdd524af5d6df11e008a23c7689f0216a7c07ae23f1e4c90
data/stage2/images/000001/frame_000031.jpg,competition_stage2,image,.jpg,49729,image/jpeg,46aabc8ba81f471cc1688d10c0aea78a5193f5423d4adfe5844501b033c99b34
data/stage2/images/000001/frame_000032.jpg,competition_stage2,image,.jpg,54144,image/jpeg,b23646a5ff93e324b1644a8b36975fbd65707713fdb27371d8d6ab19420e043e
data/stage2/images/000001/frame_000033.jpg,competition_stage2,image,.jpg,42460,image/jpeg,fa61c0320cc47170fb6527db565d5ea412eacfc98abdc00c3ef35062a6c1c1fc
data/stage2/images/000001/frame_000034.jpg,competition_stage2,image,.jpg,52623,image/jpeg,de60714c6998fc2ac19622431306a2177bc49238edca8ef0328201e6fca0931a
data/stage2/images/000001/frame_000035.jpg,competition_stage2,image,.jpg,39520,image/jpeg,7379f4b7eef7ea7f3c80446fb955f116637b5c25de3350710c2b419695b3eafe
data/stage2/images/000001/frame_000036.jpg,competition_stage2,image,.jpg,17904,image/jpeg,e411e97e5983bebea2e4a3bad7ed94b08923dca6df89c25f7c4c6da0dd4c5a63
data/stage2/images/000001/frame_000037.jpg,competition_stage2,image,.jpg,52039,image/jpeg,7f13daa1c1a488ec91b3e250bac543181783844a6a909edaef6b33c5c97c73a1
data/stage2/images/000001/frame_000038.jpg,competition_stage2,image,.jpg,58297,image/jpeg,c0cd241292a279c97317e486e0358fd22d2eddd69e202ac2a0bf4f8c3b88a81e
data/stage2/images/000001/frame_000039.jpg,competition_stage2,image,.jpg,60082,image/jpeg,e86f635dbec721082d96ed746daa53d4f8dbdff9d69b0aff84dab6b6466339e4
data/stage2/images/000001/frame_000040.jpg,competition_stage2,image,.jpg,60773,image/jpeg,08a16101ab461a67920c0b01599ce37a004c26789088ed3a288d32a1f7107ab2
data/stage2/images/000001/frame_000041.jpg,competition_stage2,image,.jpg,63165,image/jpeg,6391f5e8f4235fdf66c50fa55a9b8a1f96768583de431fa801eefaea1d61e8e2
data/stage2/images/000001/frame_000042.jpg,competition_stage2,image,.jpg,65073,image/jpeg,363a39c822477afbc868f515eb30326b2543bc6749413f23cdd666d86a70d6f8
data/stage2/images/000001/frame_000043.jpg,competition_stage2,image,.jpg,64791,image/jpeg,72a36f5ea6d632ea22346987fc712acdc96fc5652a80763befa048f9ae681e8a
data/stage2/images/000001/frame_000044.jpg,competition_stage2,image,.jpg,65563,image/jpeg,d3dc4978c47692a9fe37faee0b316990db261e027304c23647e33fd71eb7dac0
data/stage2/images/000001/frame_000045.jpg,competition_stage2,image,.jpg,68956,image/jpeg,392f040c067cd2f24eb695efdd710c0b8e10fc16522ed52cb5df39a7b246e642
data/stage2/images/000001/frame_000046.jpg,competition_stage2,image,.jpg,67674,image/jpeg,b45ce59bd554c50a9404cc889186ce3b42d6ed11205b9b179f83af43558948a8
data/stage2/images/000001/frame_000047.jpg,competition_stage2,image,.jpg,64930,image/jpeg,06368093bd344c1a3c47d51de7e1724f5768a7389af5fea6d266c69f133fe0cc
data/stage2/images/000001/frame_000048.jpg,competition_stage2,image,.jpg,19009,image/jpeg,a9a20cf7e729cf62351561f050a440817a68c2ea9d405fa63fcea078dba3a2be
data/stage2/images/000001/frame_000049.jpg,competition_stage2,image,.jpg,44780,image/jpeg,1ca25efa38664a3652200c43f454213994e53f2907ebfcb02ef12595c847ea0b
data/stage2/images/000002/frame_000000.jpg,competition_stage2,image,.jpg,25863,image/jpeg,0646e2c0d166e78e02c6482d587042a4bd4b10e222737d65d75c3a8b2544174a
data/stage2/images/000002/frame_000001.jpg,competition_stage2,image,.jpg,39087,image/jpeg,fcb00d069ab7354f8fa14bab7f3fdc851eb4dd6c3ab16d8d62ad325a56a0928f
data/stage2/images/000002/frame_000002.jpg,competition_stage2,image,.jpg,41157,image/jpeg,4c87efa98dc1a0c5d41cd22bd50a81c8213e537a0d3eaf7a88c74c933638a355
data/stage2/images/000002/frame_000003.jpg,competition_stage2,image,.jpg,42071,image/jpeg,0314c39a988cc84fd89317048f46f267acdc79932e2cedb9ff9d94f0a4e251ad
data/stage2/images/000002/frame_000004.jpg,competition_stage2,image,.jpg,42527,image/jpeg,e74f801f1b036b8501904acc124d4157ddec2e7c74190f3dc3866abee8510569
data/stage2/images/000002/frame_000005.jpg,competition_stage2,image,.jpg,42789,image/jpeg,f4d263f48a1b01f6225025a9d99740f9183ec88acc934bb679c9b3732f43a66e
data/stage2/images/000002/frame_000006.jpg,competition_stage2,image,.jpg,42973,image/jpeg,44d03b858ce7fc1eb0fbcaf14a972558c9d81bb68e8c19c6c95e6043ccce858d
data/stage2/images/000002/frame_000007.jpg,competition_stage2,image,.jpg,40019,image/jpeg,130dbc29a9832b734d9eb380b8c087606ec8307665c926e80cd2b2ebb75920a0
data/stage2/images/000002/frame_000008.jpg,competition_stage2,image,.jpg,43813,image/jpeg,1de1d5d738fa73ab2aa1d8d6cee323f04f910cb69fc4ba4256d327706c745247
data/stage2/images/000002/frame_000009.jpg,competition_stage2,image,.jpg,38954,image/jpeg,234af2acc883bd5dfa83a11cc325d219ecf459f13f2d6a7a158a709a1f5f666f
data/stage2/images/000002/frame_000010.jpg,competition_stage2,image,.jpg,38636,image/jpeg,f97c1a037899d1b703b74986212acec9d9398157672b54281a1160ce61f60a80
data/stage2/images/000002/frame_000011.jpg,competition_stage2,image,.jpg,37230,image/jpeg,ea17ba8ae03042967dcd81e13fc95e20c3aa356abab5d53880b5f56c94b0b115
data/stage2/images/000002/frame_000012.jpg,competition_stage2,image,.jpg,16419,image/jpeg,3d6617fd76b50b02844e79f1330548aab589eb3db8a524cf49f1afbf3c9b1afb
data/stage2/images/000002/frame_000013.jpg,competition_stage2,image,.jpg,27837,image/jpeg,12ceed25544f4df913e6c6012ba2f2bdb5cccb278b7a8d0276a34ac656e0415b
data/stage2/images/000002/frame_000014.jpg,competition_stage2,image,.jpg,29351,image/jpeg,f455b634487fa870964a80a94c21fcc4de1407412df0ca4cc54a5cf66619f73c
data/stage2/images/000002/frame_000015.jpg,competition_stage2,image,.jpg,33959,image/jpeg,6868de4d209706aca57f4e28f747da9c0e0ec04326ebdb0206c8ca5eb8e84d01
data/stage2/images/000002/frame_000016.jpg,competition_stage2,image,.jpg,35537,image/jpeg,b3271d605af5de096a040d2e1f596f7ed16edfc1b03e48be72a027e3641baeb6
data/stage2/images/000002/frame_000017.jpg,competition_stage2,image,.jpg,36570,image/jpeg,c1cef19ff35f4154c4cc55f437a78443826c96d1e2f7bb144efff182d3920f77
data/stage2/images/000002/frame_000018.jpg,competition_stage2,image,.jpg,38379,image/jpeg,572c01c7d6d6d7eb54688959582b1397893071078eb26811a1dd109773f8c9c1
data/stage2/images/000002/frame_000019.jpg,competition_stage2,image,.jpg,39311,image/jpeg,edd483f6dad42bf82abba05a3ccde384b6d3920a40ee9e9df41cc575e9c72117
data/stage2/images/000002/frame_000020.jpg,competition_stage2,image,.jpg,40039,image/jpeg,b30bfedff95f9d247772fb45048785ed8f1485b677a1f7368cd35aeb7478b97a
data/stage2/images/000002/frame_000021.jpg,competition_stage2,image,.jpg,39585,image/jpeg,1852870d6c2d261b1bcf4df8751ec08764bf76f0d82ecce9691e61044766f477
data/stage2/images/000002/frame_000022.jpg,competition_stage2,image,.jpg,40380,image/jpeg,7d52fbe927b70ef862e4186c79b7ae84057f1f612703b6a293b92f982e84ed81
data/stage2/images/000002/frame_000023.jpg,competition_stage2,image,.jpg,40023,image/jpeg,930fb238669f372c5c696264bcd17e1195b07b643c78933541291d69bbc49d75
data/stage2/images/000002/frame_000024.jpg,competition_stage2,image,.jpg,14630,image/jpeg,1dcaf5b95a609667ddecf6f4e83bf0ed00e8bd9f14a4d3eab58541c6563972a8
data/stage2/images/000002/frame_000025.jpg,competition_stage2,image,.jpg,29260,image/jpeg,41bf97cf8c1aa2fb8b891982d6e2d95ee589d5efeaf81ec75ae50567d44ef31d
data/stage2/images/000002/frame_000026.jpg,competition_stage2,image,.jpg,30908,image/jpeg,1f6f056e9d04d74fc9703b3aa6c518ae735cb7ab161091ba7d842e7677358d52
data/stage2/images/000002/frame_000027.jpg,competition_stage2,image,.jpg,32713,image/jpeg,5440c945557c80c6659c841a9719ed4f8f73896d216a590af55c38964279bcae
data/stage2/images/000002/frame_000028.jpg,competition_stage2,image,.jpg,34646,image/jpeg,f8307456118d69466fa124e48b749b223609a02b6bf6c55b3ca94721959fa35b
data/stage2/images/000002/frame_000029.jpg,competition_stage2,image,.jpg,37291,image/jpeg,f6ad767b26ed8c7bbd77880eaf11d2971ed16dbc323efe62527c2e116e4c25f6
data/stage2/images/000002/frame_000030.jpg,competition_stage2,image,.jpg,39035,image/jpeg,4c5ebe49e95104d6f898fd52451aa9ed21145fb8cdfa3189476a555c3e579b67
data/stage2/images/000002/frame_000031.jpg,competition_stage2,image,.jpg,39962,image/jpeg,591a5df5c782099234ab391af9f93488ddd07a29d8970f299fd0f69e88231edd
data/stage2/images/000002/frame_000032.jpg,competition_stage2,image,.jpg,40809,image/jpeg,4e166817cbc46550ed3911416970aaf7d9c745040b87dbead09409c25cc028c3
data/stage2/images/000002/frame_000033.jpg,competition_stage2,image,.jpg,41508,image/jpeg,dccfdacc304401c6f283533565c85dcaff99416d14d7cfbc3aeeb6c68333f61b
data/stage2/images/000002/frame_000034.jpg,competition_stage2,image,.jpg,40836,image/jpeg,c8c9e72fa8faf2bb53402574c8c00d7898e89efce3549dd83538371c6352893f
data/stage2/images/000002/frame_000035.jpg,competition_stage2,image,.jpg,40795,image/jpeg,5b26ba3dc91d26f211306f4cb69f96733df0575b755f4851a6c4027ddb8b894d
data/stage2/images/000002/frame_000036.jpg,competition_stage2,image,.jpg,14503,image/jpeg,869a954fc14eb6ff65bf23955020252e0354a822cf434edb4f754b35c32be5bf
data/stage2/images/000002/frame_000037.jpg,competition_stage2,image,.jpg,32518,image/jpeg,1d540019391b68e6f19e17a407a5471ba66f3ca81b1acdc486d6cc60465f7191
data/stage2/images/000002/frame_000038.jpg,competition_stage2,image,.jpg,36391,image/jpeg,d38bc150c77cd6df4a0db9b73e0aa78c994f0f4b8eb7b232e5d350b24db1a4e2
data/stage2/images/000002/frame_000039.jpg,competition_stage2,image,.jpg,37005,image/jpeg,8e0c56bddcbf01b623b5a3a9412bdf540efe9f866ab93a1872d5565ad1085e7e
data/stage2/images/000002/frame_000040.jpg,competition_stage2,image,.jpg,39233,image/jpeg,84b06305777215ee0deb121ececb73ce766bccf48cb23a3a7e495c44d69378a7
data/stage2/images/000002/frame_000041.jpg,competition_stage2,image,.jpg,35836,image/jpeg,7b0eaf3dd9ccbf6b1544d3cdbc04f878d7cc8717051ba7f261389260632b81a2
data/stage2/images/000002/frame_000042.jpg,competition_stage2,image,.jpg,39175,image/jpeg,a262c9190420fd948f08f610ab273c775ea589ada19672071c503c37e26a60f9
data/stage2/images/000002/frame_000043.jpg,competition_stage2,image,.jpg,35344,image/jpeg,13d3355f03074360c2ef5cf555d104b8427af1f25eae4526e03447796b4b9e58
data/stage2/images/000002/frame_000044.jpg,competition_stage2,image,.jpg,36646,image/jpeg,21f424fd56a9c3f4d212731744ac9174db2317ee613b7423b4401d8b0a8902e8
data/stage2/images/000002/frame_000045.jpg,competition_stage2,image,.jpg,37859,image/jpeg,0ba2e944c6fc132328328e98f4c4e601c2ec179dd98b481287b4dab3106861f6
data/stage2/images/000002/frame_000046.jpg,competition_stage2,image,.jpg,38349,image/jpeg,de959267273271e594079c675ee4c13d307eec8ede64047a164794cea55b596b
data/stage2/images/000002/frame_000047.jpg,competition_stage2,image,.jpg,34568,image/jpeg,4c4f42da81cbb3a23f18add19b1ea4ff97ed07a5d57b08255c11be4ee10cf47d
data/stage2/images/000002/frame_000048.jpg,competition_stage2,image,.jpg,12986,image/jpeg,f95a1dd5c1d7a5ad1ef365b790a4005065ba30356a2b895d83e6071e585a79f2
data/stage2/images/000002/frame_000049.jpg,competition_stage2,image,.jpg,28342,image/jpeg,a97655ffe027037b5d1d9606005508d05d927aead5ff91da05928ab32b1d654b
data/stage2/images/000003/frame_000000.jpg,competition_stage2,image,.jpg,40407,image/jpeg,87bba4612a28e0cda8c944cefd58da350352ea68987504c63dc19a001c0467ac
data/stage2/images/000003/frame_000001.jpg,competition_stage2,image,.jpg,69875,image/jpeg,0f06be107dc93ee5ccec75b5edfd46154f6931eb8b4f1e89e09b0bbc92fbbc61
data/stage2/images/000003/frame_000002.jpg,competition_stage2,image,.jpg,68926,image/jpeg,e5c731171cf7c0ba2a06d7eb5676d39f5d55f5efe2aa983782ef0df8bd3c0d42
data/stage2/images/000003/frame_000003.jpg,competition_stage2,image,.jpg,69091,image/jpeg,2562a17d50e174073baf8d7f9c8bd6e0253c7fe30ea36765d7726082a77e0a15
data/stage2/images/000003/frame_000004.jpg,competition_stage2,image,.jpg,68388,image/jpeg,b1ab52a7f5372ecb7d6c201be676f8f9d2dd7a7c034a6d116cc9b4a1dad2bfc8
data/stage2/images/000003/frame_000005.jpg,competition_stage2,image,.jpg,67344,image/jpeg,6ef2ac7860c02fe4d1deefb7ee4048d7b24e3ab4f4ddc1266eee80b9a557d77e
data/stage2/images/000003/frame_000006.jpg,competition_stage2,image,.jpg,66348,image/jpeg,f42c5cbc3f85b7b4fb286b08697c0f9aa2452effea4b5e4d26d3187f5ef2ff05
data/stage2/images/000003/frame_000007.jpg,competition_stage2,image,.jpg,67723,image/jpeg,fe3942c6d5dc9fb325a2a448cc02d93c9b6a8905898dae0978fbd418b341d75e
data/stage2/images/000003/frame_000008.jpg,competition_stage2,image,.jpg,67132,image/jpeg,c8b3003823aabbf31c6fd88eae9cdd625804bc6bce8c155d0818d56c566d528c
data/stage2/images/000003/frame_000009.jpg,competition_stage2,image,.jpg,68675,image/jpeg,d3aea7f68f02547a838eff23deef9d56f5b3a553beb299b41a7d2f03b1afca69
data/stage2/images/000003/frame_000010.jpg,competition_stage2,image,.jpg,67725,image/jpeg,4f64d1b851a6f6d356cfd1a9107896c9f0a53658856fd7b9c99155a10b2a5af7
data/stage2/images/000003/frame_000011.jpg,competition_stage2,image,.jpg,68660,image/jpeg,f843702dc0b1a60368deaac2277e280a4dfc220f5d07f116857f25718719b43b
data/stage2/images/000003/frame_000012.jpg,competition_stage2,image,.jpg,20713,image/jpeg,4b9889bd452d5529d273ea75a1e772030d2ee2f68946108a8e2bf45b4d7123f3
data/stage2/images/000003/frame_000013.jpg,competition_stage2,image,.jpg,53124,image/jpeg,7ede370d7eaf8bba7ed237ec9a6a276951d6c89eab42f4f4622edd2cbacb73cc
data/stage2/images/000003/frame_000014.jpg,competition_stage2,image,.jpg,53595,image/jpeg,f6bffed5a1e095b10f9a8034f7e770442e28162e41c38821f66b51f37b971c36
data/stage2/images/000003/frame_000015.jpg,competition_stage2,image,.jpg,52214,image/jpeg,a0d031a3adf856e044bd80ef09bb2f48759a3063104f9a692b2a6d877e5ccbd7
data/stage2/images/000003/frame_000016.jpg,competition_stage2,image,.jpg,52763,image/jpeg,6a1bf15916b7f69e7425fa00cdb425b376f2f87ba94a98dc44c8795a7780266b
data/stage2/images/000003/frame_000017.jpg,competition_stage2,image,.jpg,53271,image/jpeg,b7f2a0932a8d72b707f08a57c25f71b70b479afff7c34fa92b6d9224483fbef0
data/stage2/images/000003/frame_000018.jpg,competition_stage2,image,.jpg,54539,image/jpeg,e3f0335aceaff98551d5a303d09ee475cfe19905a26bf1755778a6c8f5ed6092
data/stage2/images/000003/frame_000019.jpg,competition_stage2,image,.jpg,57702,image/jpeg,4d7d86a111cd5def876178015991328aa0f60089a01b43aa00c1ae74710e1e05
data/stage2/images/000003/frame_000020.jpg,competition_stage2,image,.jpg,58333,image/jpeg,4293de50702c7d201fc100b524f7cdc440a355460523f8547f838c983f4a8328
data/stage2/images/000003/frame_000021.jpg,competition_stage2,image,.jpg,57234,image/jpeg,22d6eae3fcb1700d33bcfb9d0acf440e674360f2173b13e14b0489d43f2d429f
data/stage2/images/000003/frame_000022.jpg,competition_stage2,image,.jpg,62002,image/jpeg,c58c2668a713a3a7ce059dc33e26515cdc09a2c955dde78862451c2e247a583f
data/stage2/images/000003/frame_000023.jpg,competition_stage2,image,.jpg,62390,image/jpeg,b0f2923a2c3b0f38edbdb989d69a32c75e21b1253d1415a9b9f4b5845cd1a37b
data/stage2/images/000003/frame_000024.jpg,competition_stage2,image,.jpg,18587,image/jpeg,ecb2a256661a82f3dd9cbdc1b4c2e2c224d56f84f908f4cb881d9afd0b05ef2f
data/stage2/images/000003/frame_000025.jpg,competition_stage2,image,.jpg,53242,image/jpeg,6b50290ec672b61bea755992374450cf9dead82dd857a111bec42c1c619ee59f
data/stage2/images/000003/frame_000026.jpg,competition_stage2,image,.jpg,54019,image/jpeg,df9aedba9def78742b85c7a6772af85ee4867838eb04a37cdb7436647a88b189
data/stage2/images/000003/frame_000027.jpg,competition_stage2,image,.jpg,54795,image/jpeg,9c8dd295ec7b2ed097e4346a37896089ae051c3f91761ac559a039208b96313c
data/stage2/images/000003/frame_000028.jpg,competition_stage2,image,.jpg,52212,image/jpeg,63be079c5317bd4e1c409bbf49ad935ea13202ef9ddaacf12eec479606acb28f
data/stage2/images/000003/frame_000029.jpg,competition_stage2,image,.jpg,57386,image/jpeg,07482bb5c5638b3429142179edad140fe523d63b2b9685601b7a874a6789e392
data/stage2/images/000003/frame_000030.jpg,competition_stage2,image,.jpg,52878,image/jpeg,0b20035c961f89c6fd40bb1856848e12cbc3a41d84ba4f19f7027caa30c1902a
data/stage2/images/000003/frame_000031.jpg,competition_stage2,image,.jpg,51872,image/jpeg,a1ae7764411f6f214eb6927c467eb9b1aef5bfe1d1dfde8f0a5cb7fbb2ebc49f
data/stage2/images/000003/frame_000032.jpg,competition_stage2,image,.jpg,50037,image/jpeg,d035d9e99633bd1b21cd25db7d06e9f52bbb7ce7795d7aee5c72c9a5fcc6bd17
data/stage2/images/000003/frame_000033.jpg,competition_stage2,image,.jpg,33864,image/jpeg,cb9cfc6d22eafb68fc3604abb7d6441a23bc39d89b47a0211d8f702c5b27772a
data/stage2/images/000003/frame_000034.jpg,competition_stage2,image,.jpg,38120,image/jpeg,9bd54e896461feedee642129a9e3907ac208853a3f47d0d64d09646e909c6842
data/stage2/images/000003/frame_000035.jpg,competition_stage2,image,.jpg,43605,image/jpeg,b5bfb528f3c9e9e66bab6fec5b0be87c9da190dc71967629df6e14a542c0ec41
data/stage2/images/000003/frame_000036.jpg,competition_stage2,image,.jpg,17068,image/jpeg,9cf33fdde12116beb5be2de2f41ed868006e8d3fd388930b5148aed3a5307a14
data/stage2/images/000003/frame_000037.jpg,competition_stage2,image,.jpg,42636,image/jpeg,6ab09af5e568d3575d90b63e7c88a176f6a2d3fd14298b1bfa2fab0db64be755
data/stage2/images/000003/frame_000038.jpg,competition_stage2,image,.jpg,46555,image/jpeg,a20579d8d69e52ee7f56cf5ac0845785d703febc2b5ae62c8cfe08e4af43d65f
data/stage2/images/000003/frame_000039.jpg,competition_stage2,image,.jpg,50092,image/jpeg,5762d848120e2c6c1a211c3b49e375e6fe555619bd1184e9e6d6a1c1018550b9
data/stage2/images/000003/frame_000040.jpg,competition_stage2,image,.jpg,48787,image/jpeg,ee6ad50e99f8d6e9d88149dbebb77aaeb784f21d6aa6417b69d26c3ae60efa3c
data/stage2/images/000003/frame_000041.jpg,competition_stage2,image,.jpg,49991,image/jpeg,ad2ecc9236a4a8d4c27625531fa85abaa43b29e3f178404157a2e602d7077d5d
data/stage2/images/000003/frame_000042.jpg,competition_stage2,image,.jpg,52279,image/jpeg,52617b1c131e886f7c21c251c8e68230df3bb6cd5ef4dfa51da2811722cb161c
data/stage2/images/000003/frame_000043.jpg,competition_stage2,image,.jpg,54341,image/jpeg,3d11db471f295dd6cd5703023bd220a8dea2064beeb6d578373425fc2b77589f
data/stage2/images/000003/frame_000044.jpg,competition_stage2,image,.jpg,56079,image/jpeg,1f22507ced4a17b3f30b161ecb4a37a8e74e1c717b54b46fa01095d8f79ea6bf
data/stage2/images/000003/frame_000045.jpg,competition_stage2,image,.jpg,58675,image/jpeg,8f1cbf5a5768b9cde750ea43198399e5330029092aaac2e5b1150702dda19853
data/stage2/images/000003/frame_000046.jpg,competition_stage2,image,.jpg,59086,image/jpeg,242dabad49b5ec876dcd86003d6420bf08b4175f4bcbf5dc8ccfc58e7a2dfa6a
data/stage2/images/000003/frame_000047.jpg,competition_stage2,image,.jpg,61263,image/jpeg,221de1d7103399955a4c9cf10848a1820a115a15c46d540034bd8d8b2e256100
data/stage2/images/000003/frame_000048.jpg,competition_stage2,image,.jpg,18782,image/jpeg,30e7a3d2c31deed7079177a157792c5e933b1dd05fe1380431422873b3fe0eb8
data/stage2/images/000003/frame_000049.jpg,competition_stage2,image,.jpg,49444,image/jpeg,4117624dd77ff0a68566abfc892fca37d8a18f46f435d7be81e72519a1a9b580
data/stage2/images/000004/frame_000000.jpg,competition_stage2,image,.jpg,29870,image/jpeg,3aa9b88507cfb6cdbae5b52dc9dc576e63f5638ea654a69316d1cda59806c41e
data/stage2/images/000004/frame_000001.jpg,competition_stage2,image,.jpg,49257,image/jpeg,918b3e34dfb6291bac1e0ae01204a477b3b3b528ee4af5854e2675986462cd6a
data/stage2/images/000004/frame_000002.jpg,competition_stage2,image,.jpg,51037,image/jpeg,6bb5561695830d06c9a625a879e791c824f2c1f9897db5b6090293fcc7c0cf0c
data/stage2/images/000004/frame_000003.jpg,competition_stage2,image,.jpg,51715,image/jpeg,696159e7391ca419909110c412a0a9f7077c5932a2fc03755559a8444d00f653
data/stage2/images/000004/frame_000004.jpg,competition_stage2,image,.jpg,51857,image/jpeg,900175d8ba0df092c98c47e4874667a749a2ad7d91a4cfa4b08ff8443f2ff0dc
data/stage2/images/000004/frame_000005.jpg,competition_stage2,image,.jpg,51749,image/jpeg,141f03b7c78047d7a8e52ee346fa39c538420cc12a3e9e059efb58f52a53b3a6
data/stage2/images/000004/frame_000006.jpg,competition_stage2,image,.jpg,52411,image/jpeg,e2eb2bc63971e0bd29aea24a8f4c942f0aeecb468986bca6cbebfd39d12a0d4b
data/stage2/images/000004/frame_000007.jpg,competition_stage2,image,.jpg,52738,image/jpeg,42a010a30cfce53da2a9aecf5494819e9080c177289909822102a67101d6a8cb
data/stage2/images/000004/frame_000008.jpg,competition_stage2,image,.jpg,53086,image/jpeg,93c8abb2101fef25b289de04a48c459deaa154c3393659f5d80c441cfa80bc9f
data/stage2/images/000004/frame_000009.jpg,competition_stage2,image,.jpg,53042,image/jpeg,46954b698e2f0df6a548cd35fa5719e93eb1813693bc7fd35384dfc7b4c760de
data/stage2/images/000004/frame_000010.jpg,competition_stage2,image,.jpg,53379,image/jpeg,c13f55d24975a135dc10c9836463d7258d61693011f957fad4701d3359a18501
data/stage2/images/000004/frame_000011.jpg,competition_stage2,image,.jpg,53718,image/jpeg,da684dd4e52340cf0c1474e624ab2e486af3b134a8c5894c57dafae81f6dfa02
data/stage2/images/000004/frame_000012.jpg,competition_stage2,image,.jpg,23926,image/jpeg,b9962786b2c0a190906791cb94d8705ffa12e10231845cdf70345e7d6961e272
data/stage2/images/000004/frame_000013.jpg,competition_stage2,image,.jpg,41943,image/jpeg,309dc0b3d975bb19ce71abcd4257aea0c62eebe69ceb649438b6dfb78cf706d6
data/stage2/images/000004/frame_000014.jpg,competition_stage2,image,.jpg,46211,image/jpeg,6e3513037064c55369331143965de87952fddd7fd0055d4bf6c208bacf55878a
data/stage2/images/000004/frame_000015.jpg,competition_stage2,image,.jpg,48327,image/jpeg,27fa93fc2da324f8cd228b6131c89413185126e9fe79682ae84caa1ce31807a3
data/stage2/images/000004/frame_000016.jpg,competition_stage2,image,.jpg,50102,image/jpeg,0c72320694fda34104bf6614376b92659790c66bf9e5dd034958f24698133b30
data/stage2/images/000004/frame_000017.jpg,competition_stage2,image,.jpg,51487,image/jpeg,f66d76d1a24c45de4ab5192e96744e93ce5a0e9ba893c864ca02d92a51145b44
data/stage2/images/000004/frame_000018.jpg,competition_stage2,image,.jpg,51324,image/jpeg,305706cf91f9e142cc7b7103f706be5ab8bd615019b581c3d306024ee64df771
data/stage2/images/000004/frame_000019.jpg,competition_stage2,image,.jpg,51173,image/jpeg,c63aebac7a1069790fd5602f4e459a51e35f10133ad5840c63fd021969bd6a5c
data/stage2/images/000004/frame_000020.jpg,competition_stage2,image,.jpg,51494,image/jpeg,2cc1e03219a213bf3eb216ba545fd4c680e3dff1438b9cc78a683bc0df1312f0
data/stage2/images/000004/frame_000021.jpg,competition_stage2,image,.jpg,51594,image/jpeg,b5ac697f8fb38c3d5558efe55c6618d30e16b313b4590ff6b4866d35a5b30b42
data/stage2/images/000004/frame_000022.jpg,competition_stage2,image,.jpg,51594,image/jpeg,ab12fd092e0310dd13487f3806d6bcafd4b3af8e6af277e26616c043aa603390
data/stage2/images/000004/frame_000023.jpg,competition_stage2,image,.jpg,51566,image/jpeg,e6355bd53138af9d80642107cb00bf2bd14c58a9a7415e0b2a5574f07eaad4e7
data/stage2/images/000004/frame_000024.jpg,competition_stage2,image,.jpg,22189,image/jpeg,7e76286e9e75fc5d11975ae63b86bee602491c6966faf150df6470723cd41eb3
data/stage2/images/000004/frame_000025.jpg,competition_stage2,image,.jpg,35595,image/jpeg,ca92f0d471cc7483da6887651d001f7afac4fa24cbf64c17f29018cef978885d
data/stage2/images/000004/frame_000026.jpg,competition_stage2,image,.jpg,38186,image/jpeg,269507bf99bd46a990d6c29b0f24cbb5f93c84d506d5532106731a16ade29ce7
data/stage2/images/000004/frame_000027.jpg,competition_stage2,image,.jpg,43150,image/jpeg,1f82240c3a89eb6a7d994e951ec08421ab62e5b443a78f43c0ae5ea2241d0ac5
data/stage2/images/000004/frame_000028.jpg,competition_stage2,image,.jpg,43981,image/jpeg,f03f8558b64d58081735a4dc79aff164b0d78ca1ccc96abfdcd9256ecd8b38ce
data/stage2/images/000004/frame_000029.jpg,competition_stage2,image,.jpg,45474,image/jpeg,f2b3cb251775a499025408b6c828b11afe9dcf54793af0193ffea33551536164
data/stage2/images/000004/frame_000030.jpg,competition_stage2,image,.jpg,47115,image/jpeg,832dcc976ad08587d204c10cfde363dcd42ccae1216bf1edf70025d1aac89e09
data/stage2/images/000004/frame_000031.jpg,competition_stage2,image,.jpg,48172,image/jpeg,231f1c085b8ac75298a7171e98f70dd6959bad2c9ff014afa143e9032231d566
data/stage2/images/000004/frame_000032.jpg,competition_stage2,image,.jpg,49250,image/jpeg,ca712b393239eaf3534e2bea31b4d17c28e9416ad11ea4f815bb9dbbf20a1e21
data/stage2/images/000004/frame_000033.jpg,competition_stage2,image,.jpg,49328,image/jpeg,611df109a9a44999688c196940584abd42b6ee4063c40f982d2da9852f26b6c4
data/stage2/images/000004/frame_000034.jpg,competition_stage2,image,.jpg,49928,image/jpeg,03b291c44cb4adb79f35341aa702f0f44d80fdd8d49fdf6fcd4a99f4586d963a
data/stage2/images/000004/frame_000035.jpg,competition_stage2,image,.jpg,50248,image/jpeg,55b94ba0f4fa94d7dd2a9d12b890aae49a4d2ea1685b4f7b0c71f609a2fc1a16
data/stage2/images/000004/frame_000036.jpg,competition_stage2,image,.jpg,21663,image/jpeg,c277d66d5eae594f5eddcfd1ef3c70449213619b2fdc994522de837c673400c7
data/stage2/images/000004/frame_000037.jpg,competition_stage2,image,.jpg,43908,image/jpeg,16a5d350be330996ae814c9ffaa3189aa983d9e2ae8b4930242b35ef29ee24f7
data/stage2/images/000004/frame_000038.jpg,competition_stage2,image,.jpg,46828,image/jpeg,55470f0373f48c2537560634d2bb7bd2e5f0221ec11b5bc0c4e11e3cabc95722
data/stage2/images/000004/frame_000039.jpg,competition_stage2,image,.jpg,48257,image/jpeg,1453366e41fd0df85e93c49510ee79b8af672e92adef9e89ca955561ae8f5975
data/stage2/images/000004/frame_000040.jpg,competition_stage2,image,.jpg,49349,image/jpeg,21d4be8722d0983173e49f90ca89de245e7c061f819bbad7b34f6c6ea84d170e
data/stage2/images/000004/frame_000041.jpg,competition_stage2,image,.jpg,50084,image/jpeg,6de04d4e6b89bf20c368953b12f530ae18727edebe357fd1164f1316bcd1d2d7
data/stage2/images/000004/frame_000042.jpg,competition_stage2,image,.jpg,47514,image/jpeg,1eb2521d5bea44e3cabed94145c226a3289e15a454ca41fb5f470edfcdca203c
data/stage2/images/000004/frame_000043.jpg,competition_stage2,image,.jpg,58204,image/jpeg,8ddb532fb4f402beff98da5c7577900ae0fd51885ed19d59f193cb24b41a44af
data/stage2/images/000004/frame_000044.jpg,competition_stage2,image,.jpg,59476,image/jpeg,e14ae55d3d8fa6e8d134fa0a750302ccfb3a34490cfa23cb136ef74356924190
data/stage2/images/000004/frame_000045.jpg,competition_stage2,image,.jpg,62094,image/jpeg,52db66cf8be5ca234c3ff41e7accbbca669275443e226840c68b82e713bbf33a
data/stage2/images/000004/frame_000046.jpg,competition_stage2,image,.jpg,62077,image/jpeg,687f058b9f7c830301cc3c18287ce52cf268a4bb2bf99be282694bc29c8719f3
data/stage2/images/000004/frame_000047.jpg,competition_stage2,image,.jpg,62261,image/jpeg,c3bb29901f6a69e59694bf80b213cccb9b99cec74f3ede25afed82d265800786
data/stage2/images/000004/frame_000048.jpg,competition_stage2,image,.jpg,17299,image/jpeg,3cd1ce281f187790d490ddcd56a58f7aac3d398421635e3986583ac793ed819e
data/stage2/images/000004/frame_000049.jpg,competition_stage2,image,.jpg,43809,image/jpeg,2909f4e1f92b5c9468fed35fc999d442592efd4fb77b05e0ff965f0dae26771f
data/stage2/images/000005/frame_000000.jpg,competition_stage2,image,.jpg,34077,image/jpeg,5bb95b2ee0d702ec2d21c9dc93c03c6bff99a1ae97786e39000ea41765dbf338
data/stage2/images/000005/frame_000001.jpg,competition_stage2,image,.jpg,50550,image/jpeg,d2bef16c321c3b7a090804f0b0045204efffea83889a13dd8fbc96ffc504bae1
data/stage2/images/000005/frame_000002.jpg,competition_stage2,image,.jpg,50300,image/jpeg,6258bb1ba78bd6394344a4481aab2b75d8038a9d79744fddfa0f7212a288b970
data/stage2/images/000005/frame_000003.jpg,competition_stage2,image,.jpg,49766,image/jpeg,c5546025ddb029662543a015bc69081d41652feb14724154e1bbd3895a0b72b0
data/stage2/images/000005/frame_000004.jpg,competition_stage2,image,.jpg,49172,image/jpeg,89d745723932c8e2b4d84449a7dca7fb804d0316f7ab94f265f4f10ca11223b0
data/stage2/images/000005/frame_000005.jpg,competition_stage2,image,.jpg,47941,image/jpeg,d0d09a53a416b9df4c1127622695ba447e9b3005886098c71a182a76f3160ea1
data/stage2/images/000005/frame_000006.jpg,competition_stage2,image,.jpg,47214,image/jpeg,5565473ee776ad2bcf183f2b4590195e3ef96effa07baa3548702d8a6640c563
data/stage2/images/000005/frame_000007.jpg,competition_stage2,image,.jpg,47912,image/jpeg,e97868a1338f469c8170bd0caddf583320882e1ab9872c19025a67fd1fec75c7
data/stage2/images/000005/frame_000008.jpg,competition_stage2,image,.jpg,46964,image/jpeg,24e20de53da88891338daffbdbf80dc3a79989b9689ddf37aaee681ac19462cb
data/stage2/images/000005/frame_000009.jpg,competition_stage2,image,.jpg,48884,image/jpeg,8cb30ae7265a3fbb3e1aa1f8ec1dbf2e9ce2b71330a0f8a471bcb9737593f54f
data/stage2/images/000005/frame_000010.jpg,competition_stage2,image,.jpg,49323,image/jpeg,9086a8935778e71a5218cde46aee57e3a3a8cd2b6f355460572fb489317c2e22
data/stage2/images/000005/frame_000011.jpg,competition_stage2,image,.jpg,50463,image/jpeg,b4f4c5942d4846b65fafe2c28740260647080e6da4119c9429f6be701488305b
data/stage2/images/000005/frame_000012.jpg,competition_stage2,image,.jpg,19900,image/jpeg,51b22e82024cb5605f7dc19caf757ba050d5b663df6115f96b0c24a335a24ade
data/stage2/images/000005/frame_000013.jpg,competition_stage2,image,.jpg,38128,image/jpeg,d0a621bb3c5bd15de52377a931fa82c5d5cf653f918b644358d268a2800f3cde
data/stage2/images/000005/frame_000014.jpg,competition_stage2,image,.jpg,40707,image/jpeg,9f2b8ca3d37868ca682f283167742c49c826732edcfd14c873830f5935128f7d
data/stage2/images/000005/frame_000015.jpg,competition_stage2,image,.jpg,41273,image/jpeg,b226302b775d9256e0a695d446755a0a71c7b2e99bdd96f3a50b6e1e2a0179e9
data/stage2/images/000005/frame_000016.jpg,competition_stage2,image,.jpg,43147,image/jpeg,b328ff6808f403ed9d2b8fe4c6c4f3ef8543a99ff325ad44ce9f21b516e81de2
data/stage2/images/000005/frame_000017.jpg,competition_stage2,image,.jpg,45393,image/jpeg,4e1ba4e25b327907450cc9c61807feb6b9fdf65d0fd30ddf1450f51615b0859c
data/stage2/images/000005/frame_000018.jpg,competition_stage2,image,.jpg,45737,image/jpeg,d3fefb0e61907bb80603541cd8f8abe2004640199b3038effa475cd02234c6f6
data/stage2/images/000005/frame_000019.jpg,competition_stage2,image,.jpg,47057,image/jpeg,54fec4673db3237219a07b26bca2467ba48239517390b5aacc32aba31f9a6e55
data/stage2/images/000005/frame_000020.jpg,competition_stage2,image,.jpg,46210,image/jpeg,99f2d4ebfeab54a9ea13b84026c95013ba8a4cad6df9e3f1decfd3da267a154d
data/stage2/images/000005/frame_000021.jpg,competition_stage2,image,.jpg,48253,image/jpeg,5c8726433eeff7bc603a612ef6e8a1d2c8db0c1f48190d76899b4a6d621c3715
data/stage2/images/000005/frame_000022.jpg,competition_stage2,image,.jpg,47601,image/jpeg,796a351fde4cc5be35bb2f1cd3383057ebc0dec05cbe83b0756adf806e5a9dfe
data/stage2/images/000005/frame_000023.jpg,competition_stage2,image,.jpg,49539,image/jpeg,475e999a2fd688a8e2a8f7cd972d776cec71bf9b2e7f1d9a86227e9b2515d3d9
data/stage2/images/000005/frame_000024.jpg,competition_stage2,image,.jpg,18825,image/jpeg,fbd5003cb03b6fd5701bc31dae0edd51a9b9da9990227ff0fc7567e2e81d0e68
data/stage2/images/000005/frame_000025.jpg,competition_stage2,image,.jpg,41003,image/jpeg,bd287421f87f7a4630f81b1dc03c52acfe355ebdaa2550426eef7136f25ac21a
data/stage2/images/000005/frame_000026.jpg,competition_stage2,image,.jpg,44662,image/jpeg,0247730c1398f8c7bdf46fe0bbb26b7a7d495f9b78ab1c7f069b7c42fdb49096
data/stage2/images/000005/frame_000027.jpg,competition_stage2,image,.jpg,47254,image/jpeg,be992749930dd5c9f9f49099944ffe1c0076fb46dea3962aa472594b34518bc3
data/stage2/images/000005/frame_000028.jpg,competition_stage2,image,.jpg,44542,image/jpeg,9c7c433e0f9352fa87a41571b303e0891bf1d355e6c46fc728383968db0909ee
data/stage2/images/000005/frame_000029.jpg,competition_stage2,image,.jpg,47169,image/jpeg,a3e627e8bbbf14dc5d9dac70076c50a4cf86d5c64f10e7cfa8aeb0368985d195
data/stage2/images/000005/frame_000030.jpg,competition_stage2,image,.jpg,47225,image/jpeg,33dbe84eb36c0e79aaf44e8c62fe51a09f6417554feaf8f4ef4d4fbed4b80282
data/stage2/images/000005/frame_000031.jpg,competition_stage2,image,.jpg,49848,image/jpeg,0c722918ed7a025937ce05470e23d474ad41b30bdecc9c325a250fac85a2bea1
data/stage2/images/000005/frame_000032.jpg,competition_stage2,image,.jpg,48578,image/jpeg,5944d6a9a51c50e1c88eb3302ecbd4d84bcf4eaf11be04d9620ce52ed5e8b11a
data/stage2/images/000005/frame_000033.jpg,competition_stage2,image,.jpg,53335,image/jpeg,f2f34afc370ec35e25eb1a00105a7bd63931478290b25ee56466c2c4c6e42fa0
data/stage2/images/000005/frame_000034.jpg,competition_stage2,image,.jpg,54063,image/jpeg,d140e2b17e772a66401840dcea123a0548616b3d1caf5a9562ca1374959dcc3b
data/stage2/images/000005/frame_000035.jpg,competition_stage2,image,.jpg,55523,image/jpeg,bcad84becf41cbd28f01d5c3d35106516ad77ada2e766c5ea2ffda85fe745668
data/stage2/images/000005/frame_000036.jpg,competition_stage2,image,.jpg,18952,image/jpeg,702d620a451200f8e3e90008c887d3f93ce798cf65d29d545804a5c1428b60bf
data/stage2/images/000005/frame_000037.jpg,competition_stage2,image,.jpg,48211,image/jpeg,75804600a204b2d38f8dda8a626fef3cc878d288ed2998cae8e01386e012b438
data/stage2/images/000005/frame_000038.jpg,competition_stage2,image,.jpg,51834,image/jpeg,3dec6211b151fa99237ac1a7807b7aa61e0db4f207ce5a4cb27d8b8375daa4c3
data/stage2/images/000005/frame_000039.jpg,competition_stage2,image,.jpg,53637,image/jpeg,f546ab1cdf3d4592a48a0357ec7333000077f05a3cccd2f3899d369065a33e14
data/stage2/images/000005/frame_000040.jpg,competition_stage2,image,.jpg,53433,image/jpeg,c957a7b69fd5c5620a9f04fdf8cde6a178806bae80527b603fd882a6cb6789b0
data/stage2/images/000005/frame_000041.jpg,competition_stage2,image,.jpg,56297,image/jpeg,9610b6afc8fb90dfcd88e628d2ce141be102ce6f5b800eb7eabec30366c35f87
data/stage2/images/000005/frame_000042.jpg,competition_stage2,image,.jpg,55294,image/jpeg,a1fc773d3304860725d7708acaef49f0324b12e46cf54e49a19eabf6bea4e004
data/stage2/images/000005/frame_000043.jpg,competition_stage2,image,.jpg,58373,image/jpeg,18d583a6c81cc020874a2dd1db387eb7467867d0c321bab963106cfae1402e35
data/stage2/images/000005/frame_000044.jpg,competition_stage2,image,.jpg,58068,image/jpeg,26a40d400b54b8c0b682f13b6ae1ae84822dba49977a35523bf60017a1b9c2aa
data/stage2/images/000005/frame_000045.jpg,competition_stage2,image,.jpg,58831,image/jpeg,3a398de62ba4927626c5d540181c2df19c32e06d8dd3415fe67cfa17fc21d345
data/stage2/images/000005/frame_000046.jpg,competition_stage2,image,.jpg,57665,image/jpeg,057b94299e729611ae65aa664cc5d64466902968bf7da025cc424d48e128c0ec
data/stage2/images/000005/frame_000047.jpg,competition_stage2,image,.jpg,59915,image/jpeg,4c34943a3f318b89491fbfe651d79fef6cb3ea217245a6ef631075f604885e6e
data/stage2/images/000005/frame_000048.jpg,competition_stage2,image,.jpg,20243,image/jpeg,fde6ef65b0f763e3ebb16189916e20e65afb9ea964db15d608e4f7260996438d
data/stage2/images/000005/frame_000049.jpg,competition_stage2,image,.jpg,49328,image/jpeg,dc967017f34963dd8634149875fc64de6752a8a4e06831e4b16ae6230ef262d3
data/stage2/videos/000001.mp4,competition_stage2,video,.mp4,526859,video/mp4,877b6804d709acd31a8e7c4843590d674d3877fffab3d8c076332462787d2179
data/stage2/videos/000002.mp4,competition_stage2,video,.mp4,286879,video/mp4,11400de54cd39aaaf96c9ec0a47566f15dc5db86166e4d620e5a53a341252662
data/stage2/videos/000003.mp4,competition_stage2,video,.mp4,427410,video/mp4,37aa2954975cb3de5263edc5084d7fb10512db055d5eb5eaf226d0ef94c1c003
data/stage2/videos/000004.mp4,competition_stage2,video,.mp4,305244,video/mp4,beeb68a9eeeccb610030fc06fd898551321532f1961eadc82ac5fe7ec893c93b
data/stage2/videos/000005.mp4,competition_stage2,video,.mp4,363811,video/mp4,9753763c372b7bf2526a38fc60835dcab9cbe725ed984d1cb32a10c349fb0caf
data/stage3/labels_comma2k19.csv,competition_stage3,labels,.csv,47443,text/csv,d2a9a90ecc8a962a6f5de992a84807c2cd16b66747d456c3230b08a0cf7292e1
data/stage3/videos/OPEN_001.mp4,competition_stage3,video,.mp4,37534665,video/mp4,3d6590bc9cbe1c8d1956a1ff1e173dca610288821609d93aefa7ee25ab80b254
data/stage3/videos/OPEN_002.mp4,competition_stage3,video,.mp4,37533263,video/mp4,cd25f8d79377d2a775e7cfc0b8747ff60fe7d073697a8c4441a18e5a50054fc7
data/stage3/videos/OPEN_003.mp4,competition_stage3,video,.mp4,37468456,video/mp4,49ba4d36215db29a10b3ee61b4eaa01767fe6c07a244b45cb4b05578d3a234f2
data/stage3/videos/OPEN_004.mp4,competition_stage3,video,.mp4,37403267,video/mp4,d2ff2e8dbb17b157c67210855f55a35fd60fa8501f2b40d9a2ba65e1a0e12b92
data/stage3/videos/OPEN_005.mp4,competition_stage3,video,.mp4,37521019,video/mp4,fccb0a18a680bc24cf7d357a5cf273995459e945ffdb7231c255fcf43933aaf1
dist/SHA256SUMS,root,other,,388,,6d21742fa4c76f1dfc67e186ba83fe0bb004a6eac3756427d2d390e85031435a
dist/dacon236753-catalog.tar.zst,root,other,.zst,3246088,,2b64200a8dad88b30c03c93c597acc0c8498696ea774a2108a1da3107d928869
dist/dacon236753-ccd-crashbest.tar,root,other,.tar,8729024000,application/x-tar,57fb236f0dd657e9893da16083dae4c885827e9148770e8303dc60e34f23bb14
dist/dacon236753-comma2k19.tar.zst,root,other,.zst,59128809,,99ccd43ff22ecb590536f4e8495b417cb490aa7473dab5a447759c5884563379
dist/dacon236753-competition-samples.tar,root,other,.tar,207752704,application/x-tar,4c92129333c8d9910f4b0b74182b412daa93ea328086bdc899f9e6b0b22f4624
docs/01-competition-overview.md,docs,document,.md,4141,,376d4706d57cec5b23464022085af46c7cf167f40104a96f38802be1063f7489
docs/02-data-spec.md,docs,document,.md,4647,,77d921fa73b7b75af578c036ced00093460d42b6287471ec4d14ee5a11b1f4f2
docs/03-evaluation-and-submission.md,docs,document,.md,6714,,62f1f74be9a8425a8e626e5ee2ee20ac1b1663d188fc6b2b05f74b5d7f4f6097
docs/04-datasets.md,docs,document,.md,10287,,b5f22eca6f065847a63c484722ac22d0a2fe171121b4fccba0978a947554a2e3
docs/05-data-integrity-report.md,docs,document,.md,13694,,64112b658a67eb92a1ad03ba8b5d6ea41d6873e2c8b72d5315345b3eefba435c
docs/06-collaboration.md,docs,document,.md,7650,,04da2947375136e5b7a5137be25458139e6725d224308527572af3924dc17aa8
docs/07-dataset-distribution.md,docs,document,.md,2312,,b018345be78b7ba0f8b9afed5238e32cd0c53df44a1a47b17c9b697aad4c04a3
docs/README.md,docs,document,.md,2089,,34a5bf162fbf441be7f7606ce4b99138f2d5b23c940644f247c308e4470e5653
scripts/build_catalog.py,scripts,code,.py,30516,text/x-python,ba82980cadccf088250a589eabb96a7eef583f0d8e1dd7a599be9c413dd42a80
scripts/fetch_data.sh,scripts,code,.sh,4095,application/x-sh,272a35fe712b694f1c091b6339caf3e652cb56cb5d41cd2e935243deda48bf16
scripts/gdrive_setup.sh,scripts,code,.sh,3012,application/x-sh,ef52bb76aae47619dc7884342c4deba90e9d3f3e74255add6faff1395b7a1f6a
scripts/gdrive_upload.sh,scripts,code,.sh,6094,application/x-sh,90d686dde92a6bd619fe1b45e49a6b66b512c155b5ffc68e0fcb3dec5512f42d
scripts/make_stage2_images.py,scripts,code,.py,2284,text/x-python,3d8b9aee0fe593e123776b5d9bea11fbf227adbbd9c5f03b771a1d4bb4b1dc72
scripts/make_stage2_labels.py,scripts,code,.py,3322,text/x-python,37eb0f3162a7d5bddde531e67548caa7bd232e9848c116ff5f722071e789d38c
scripts/make_stage3_labels_from_comma2k19.py,scripts,code,.py,7961,text/x-python,081457f96a9030d90ada38e498d1dba3cc14f2ec52ec9e350dd812a2e59bc6ec
scripts/package_release.sh,scripts,code,.sh,2748,application/x-sh,29705934e40ddff64d7a93d06f6864c3da23d72d4208023f86ab70c9bc61fea3
scripts/verify_integrity.py,scripts,code,.py,5207,text/x-python,638d50224adf1c96ada7ca6be7605c0b30455ae89bc20b5d9fc11cdad01fe45d
